size_units,baths,size,beds,lot_size,lot_size_units,zip_code,price
sqft,2.5,2590,3,6000,sqft,98144,795000
sqft,2,2240,4,0.31,acre,98106,915000
sqft,3,2040,4,3783,sqft,98107,950000
sqft,3,3800,4,5175,sqft,98199,1950000
sqft,2,1042,2,,,98102,950000
sqft,2,1190,2,1,acre,98107,740000
sqft,1,670,1,6000,sqft,98133,460000
sqft,3.5,4510,5,6000,sqft,98105,3150000
sqft,2.5,1520,3,741,sqft,98108,565000
sqft,2,2340,4,9500,sqft,98178,699000
sqft,2,1320,3,1386,sqft,98103,899000
sqft,2,1800,3,3993,sqft,98177,1050000
sqft,2.5,2490,3,5757,sqft,98103,935625
sqft,3,2650,4,6380,sqft,98115,1511000
sqft,1.5,2560,5,5200,sqft,98199,1330000
sqft,1.5,900,2,,,98133,549755
sqft,3.5,1360,3,,,98103,700000
sqft,1,550,1,,,98122,330000
sqft,2.5,2974,3,3840,sqft,98119,1750000
sqft,3.5,1989,4,1607,sqft,98117,980000
sqft,2,1332,2,1101,sqft,98199,845000
sqft,3,2668,4,5589,sqft,98116,1213000
sqft,1,770,2,5250,sqft,98133,530000
sqft,1.5,1280,3,9100,sqft,98146,625000
sqft,3.5,3200,5,9260,sqft,98133,1275000
sqft,1.5,889,2,0.23,acre,98103,680000
sqft,1,508,1,,,98109,325000
sqft,2,3140,3,5000,sqft,98117,1219700
sqft,2,2000,4,8077,sqft,98125,907200
sqft,1,792,1,,,98101,517000
sqft,2.5,1690,3,1733,sqft,98108,760000
sqft,5.5,3000,4,5520,sqft,98126,1484000
sqft,3,1550,3,1400,sqft,98115,950000
sqft,2,871,2,0.29,acre,98119,430000
sqft,1.5,1940,4,8778,sqft,98118,520000
sqft,1,474,1,,,98101,335000
sqft,2,1770,3,3349,sqft,98146,805000
sqft,5,2510,5,0.27,acre,98133,1000000
sqft,1,750,1,,,98199,375000
sqft,1,573,1,,,98102,390000
sqft,2.5,1500,3,1056,sqft,98103,1070000
sqft,4,2920,5,6323,sqft,98133,948000
sqft,2,2817,3,6375,sqft,98103,912000
sqft,1,617,1,0.49,acre,98109,480000
sqft,2,1280,2,3000,sqft,98112,776000
sqft,2,1523,2,,,98121,1395000
sqft,1,1240,2,5038,sqft,98126,750000
sqft,2.5,2280,4,3932,sqft,98106,1065000
sqft,3.5,3590,5,0.36,acre,98136,2350000
sqft,3.5,2478,4,2761,sqft,98115,1580000
sqft,3,2360,3,6600,sqft,98117,1775000
sqft,1,720,2,7500,sqft,98177,600000
sqft,2,2480,3,5829,sqft,98126,800000
sqft,2,1550,3,6720,sqft,98199,1100000
sqft,1,780,2,3060,sqft,98103,750000
sqft,3,2820,5,6250,sqft,98136,865000
sqft,3,2900,5,3600,sqft,98112,1450000
sqft,2,1092,2,5500,sqft,98122,829000
sqft,2,1731,3,7514,sqft,98125,575000
sqft,2.5,1500,3,8240,sqft,98105,860000
sqft,2.5,1344,2,1110,sqft,98122,770000
sqft,5.5,4040,4,8965,sqft,98105,5495000
sqft,3,2320,5,0.27,acre,98168,560000
sqft,3,2820,5,6250,sqft,98136,900000
sqft,1,1070,3,3840,sqft,98117,575000
sqft,1,1113,2,,,98102,595000
sqft,2,2100,4,4864,sqft,98117,950000
sqft,2.5,2620,3,4080,sqft,98119,1300000
sqft,2,1270,3,1333,sqft,98103,727000
sqft,2,2702,3,6600,sqft,98103,1605000
sqft,3.5,2031,4,1,acre,98117,1480000
sqft,2,2350,3,7320,sqft,98178,888000
sqft,1.5,2640,4,7440,sqft,98115,1850000
sqft,1.5,1340,3,5120,sqft,98106,615000
sqft,3.5,8660,6,0.28,acre,98102,4100000
sqft,2.5,1365,2,,,98118,525000
sqft,1,635,1,,,98104,509950
sqft,1,1800,3,0.27,acre,98168,549000
sqft,1,870,2,6554,sqft,98118,555000
sqft,3.5,1510,3,1239,sqft,98103,660000
sqft,1,1120,3,6096,sqft,98106,615000
sqft,2.5,2580,4,0.26,acre,98146,1635000
sqft,2,875,2,,,98115,420000
sqft,4,2220,3,974,sqft,98109,1650000
sqft,1,607,1,,,98119,427000
sqft,2,1496,3,1,acre,98144,910000
sqft,3.5,2670,4,3405,sqft,98118,1022700
sqft,1.5,1810,2,6827,sqft,98115,925000
sqft,1,582,1,0.5,acre,98109,360000
sqft,2,1006,2,,,98121,928000
sqft,5.5,1530,3,1336,sqft,98103,635000
sqft,1,820,2,5100,sqft,98118,490000
sqft,2,1960,3,5000,sqft,98105,950000
sqft,3,2110,4,0.24,acre,98133,760000
sqft,3.5,3010,4,4000,sqft,98106,985000
sqft,1,2200,3,5000,sqft,98105,1250000
sqft,2.5,1820,3,4.05,acre,98118,690000
sqft,4,3040,4,4000,sqft,98119,1585000
sqft,2,1800,3,6180,sqft,98118,936000
sqft,1,800,1,,,98122,450000
sqft,3,1450,3,525,sqft,98117,750000
sqft,1,756,1,,,98121,550000
sqft,1,742,1,,,98126,354000
sqft,2,2400,4,5400,sqft,98119,1385000
sqft,2,1607,2,,,98101,1865000
sqft,3.5,3057,4,7650,sqft,98117,1800000
sqft,1,649,1,,,98105,346600
sqft,4,3142,4,6000,sqft,98119,1600000
sqft,1,1050,3,3750,sqft,98106,399950
sqft,2,1720,3,5000,sqft,98199,855000
sqft,3.5,2650,3,8500,sqft,98136,1095000
sqft,1.5,2680,2,6000,sqft,98102,1125000
sqft,2.5,2550,4,5000,sqft,98115,1560000
sqft,4,3800,9,6000,sqft,98116,1343000
sqft,2,1320,2,,,98125,525000
sqft,2,1910,4,6000,sqft,98168,630000
sqft,1,773,2,0.25,acre,98133,360000
sqft,1,589,1,,,98121,375000
sqft,1,510,1,,,98102,302500
sqft,3.5,2661,4,4081,sqft,98108,1165000
sqft,2,843,2,,,98103,346250
sqft,3,2250,4,5250,sqft,98115,1150000
sqft,1.5,2080,4,5000,sqft,98116,950000
sqft,3.5,1370,3,982,sqft,98117,699500
sqft,1,699,1,4.27,acre,98115,335000
sqft,3,1840,2,9420,sqft,98125,800000
sqft,3.5,3040,4,0.39,acre,98177,1495000
sqft,1,858,2,,,98144,500000
sqft,8.5,3110,5,4455,sqft,98115,1606500
sqft,2,1147,2,564,sqft,98115,749950
sqft,1,868,2,,,98144,415000
sqft,2.5,1538,2,900,sqft,98105,895000
sqft,1,1480,2,4600,sqft,98126,720000
sqft,2,932,2,,,98103,435000
sqft,2,981,2,,,98133,450000
sqft,2,866,2,649,sqft,98107,555000
sqft,3.5,2000,4,1532,sqft,98115,870000
sqft,3.5,1470,3,1375,sqft,98117,845000
sqft,2,1840,2,5000,sqft,98122,1200000
sqft,2,2230,4,5940,sqft,98125,925000
sqft,1.5,1290,2,1332,sqft,98115,795000
sqft,2.5,1670,3,,,98178,600000
sqft,1,630,1,0.24,acre,98146,459000
sqft,2,1880,3,3200,sqft,98144,911000
sqft,2,1188,2,,,98102,1350000
sqft,1.5,1300,2,3146,sqft,98133,570288
sqft,1,857,1,,,98121,529000
sqft,2,1071,2,1.54,acre,98119,605000
sqft,4,2810,5,5000,sqft,98103,1295000
sqft,2.5,2400,4,3200,sqft,98109,1595000
sqft,3.5,1670,3,,,98178,600000
sqft,2.5,2734,3,4000,sqft,98109,1605200
sqft,2.5,1670,3,1687,sqft,98117,865000
sqft,3,1530,3,2260,sqft,98126,745000
sqft,1,1720,4,2835,sqft,98122,543750
sqft,1,1200,3,5786,sqft,98105,1099950
sqft,3,2030,5,5046,sqft,98144,905000
sqft,2,2370,3,4865,sqft,98126,1200000
sqft,1.5,1720,3,3825,sqft,98117,825000
sqft,1,813,1,0.24,acre,98121,680000
sqft,2,1590,3,8937,sqft,98106,720000
sqft,1,626,1,,,98122,389200
sqft,1,840,2,4000,sqft,98108,489000
sqft,2,1030,2,,,98122,575000
sqft,2.5,2870,5,8741,sqft,98168,520000
sqft,1,792,1,,,98121,675000
sqft,1.5,994,2,1494,sqft,98106,580000
sqft,2,1630,3,6000,sqft,98168,630000
sqft,1.5,1172,3,,,98122,685000
sqft,2,1806,3,4400,sqft,98126,799000
sqft,2.5,3060,4,4590,sqft,98115,1450000
sqft,3.5,3820,5,7200,sqft,98118,1350000
sqft,2,1328,2,,,98104,510000
sqft,2.5,2350,3,7200,sqft,98115,1582800
sqft,2.5,2080,3,9880,sqft,98117,977000
sqft,1,1000,3,5960,sqft,98118,710000
sqft,1.5,1131,2,1,acre,98144,685000
sqft,3,2230,4,9625,sqft,98178,1205000
sqft,3,3130,5,5750,sqft,98122,2095000
sqft,3,3750,5,5000,sqft,98107,1580000
sqft,2,1080,2,,,98144,450000
sqft,2,1720,2,5000,sqft,98116,985000
sqft,1,854,1,,,98107,455000
sqft,2,1286,3,870,sqft,98136,738000
sqft,1.5,1230,2,,,98122,650000
sqft,1,1422,2,3399,sqft,98117,715000
sqft,3.5,3956,4,0.29,acre,98125,3200000
sqft,5,3620,6,5500,sqft,98119,1420000
sqft,1.5,1370,3,6556,sqft,98178,659950
sqft,1,700,1,,,98144,325100
sqft,3,1824,2,0.37,acre,98101,2458000
sqft,1,956,1,,,98104,870000
sqft,2,2370,4,5000,sqft,98115,1350000
sqft,2.5,2200,4,5146,sqft,98106,825000
sqft,3,3020,6,0.75,acre,98178,775000
sqft,3,3400,5,0.43,acre,98168,756500
sqft,1,1660,3,4349,sqft,98115,749900
sqft,2,2080,4,7200,sqft,98178,675000
sqft,1.5,917,2,,,98103,625000
sqft,1,900,2,6150,sqft,98126,480000
sqft,4.5,3960,4,7025,sqft,98144,2485000
sqft,1,889,1,,,98121,723000
sqft,3.5,3310,5,6328,sqft,98115,1575000
sqft,1,621,1,0.31,acre,98133,289900
sqft,3.5,1467,3,,,98144,859990
sqft,2,1910,4,5166,sqft,98106,685000
sqft,2.5,1563,3,1950,sqft,98118,839950
sqft,3.5,3340,5,0.24,acre,98106,980000
sqft,3,2390,4,3600,sqft,98119,1300000
sqft,1.5,1131,2,1,acre,98144,670000
sqft,2,1201,2,720,sqft,98103,699950
sqft,3,1940,3,5000,sqft,98199,450000
sqft,1,519,1,,,98105,354000
sqft,1,1760,2,4625,sqft,98116,715000
sqft,3,1680,4,3080,sqft,98117,905000
sqft,2,1192,2,928,sqft,98103,719950
sqft,4,2300,4,3589,sqft,98105,1440000
sqft,2.5,2304,3,5000,sqft,98117,1100000
sqft,4,2650,4,6000,sqft,98103,1000000
sqft,4,4210,5,5200,sqft,98105,2625000
sqft,3,2840,4,9996,sqft,98177,1350000
sqft,1,980,2,4100,sqft,98107,863000
sqft,4.5,2440,4,5000,sqft,98105,1900000
sqft,2,1140,2,2550,sqft,98117,590000
sqft,3.5,1824,4,3250,sqft,98103,1299000
sqft,2,1115,2,0.96,acre,98121,1069000
sqft,3,2478,4,4001,sqft,98105,2095000
sqft,2,1140,2,5445,sqft,98133,665000
sqft,1.5,1172,3,5760,sqft,98122,685000
sqft,2,1433,2,1948,sqft,98136,750000
sqft,2,1520,3,4000,sqft,98117,760000
sqft,2.5,1380,3,2250,sqft,98106,590000
sqft,6,11010,15,0.33,acre,98112,3700000
sqft,2,1750,4,4950,sqft,98105,1025000
sqft,2.5,3590,3,4250,sqft,98103,1725000
sqft,1,646,1,,,98133,332000
sqft,3,2040,5,6180,sqft,98118,605000
sqft,2,1560,2,6750,sqft,98115,980000
sqft,2.5,1088,2,5500,sqft,98107,835000
sqft,1,1460,2,5700,sqft,98115,400000
sqft,2,1380,3,2909,sqft,98117,800000
sqft,1,1000,2,4640,sqft,98116,793000
sqft,2,1128,2,6000,sqft,98144,625000
sqft,1,776,1,1.09,acre,98116,515000
sqft,2.5,2000,3,7440,sqft,98106,799000
sqft,2,2029,3,,,98115,685000
sqft,5.5,2867,4,4983,sqft,98115,1750000
sqft,3,1180,4,4650,sqft,98117,956300
sqft,2,1920,3,3154,sqft,98199,1067000
sqft,2,2220,2,5950,sqft,98126,551000
sqft,3,1300,2,915,sqft,98107,780000
sqft,1,596,1,,,98109,445000
sqft,2,1460,3,5005,sqft,98106,583000
sqft,2.5,2500,3,4305,sqft,98117,1685000
sqft,2.5,1540,3,1037,sqft,98122,852500
sqft,3,2550,5,6604,sqft,98106,940000
sqft,2,1018,2,,,98199,545000
sqft,2.5,1520,3,1062,sqft,98106,540700
sqft,1,640,1,0.35,acre,98104,345000
sqft,3,2190,4,5136,sqft,98126,860000
sqft,1,930,2,6000,sqft,98133,620000
sqft,2.5,2900,5,0.23,acre,98106,800000
sqft,3.5,2780,4,4000,sqft,98112,950000
sqft,1,2560,3,8927,sqft,98125,776000
sqft,1,613,1,,,98122,325000
sqft,2.5,1566,3,1602,sqft,98122,875000
sqft,2,1245,2,4.11,acre,98168,330000
sqft,2.5,1190,3,1290,sqft,98144,750000
sqft,2.5,2760,5,6350,sqft,98126,1025000
sqft,1.5,3260,4,5568,sqft,98199,1695000
sqft,3,2380,4,4635,sqft,98115,1399999
sqft,2.5,1884,2,0.27,acre,98116,925000
sqft,2.5,1712,3,1215,sqft,98117,910000
sqft,2,1196,2,780,sqft,98107,734999
sqft,2,1098,3,2320,sqft,98105,864950
sqft,3,1250,3,6350,sqft,98117,815000
sqft,1,880,1,4500,sqft,98122,700000
sqft,1.5,822,2,,,98144,400000
sqft,2,1595,4,5500,sqft,98118,525000
sqft,3,2380,3,5000,sqft,98136,1230000
sqft,2,3190,3,4380,sqft,98112,2700000
sqft,2.5,1465,3,2973,sqft,98119,1175000
sqft,2,2910,4,8360,sqft,98115,1400000
sqft,3,1140,2,650,sqft,98144,675000
sqft,1,500,1,4000,sqft,98168,385000
sqft,2,1580,3,6400,sqft,98126,942000
sqft,1,683,1,,,98121,601000
sqft,3,2430,5,7812,sqft,98133,915000
sqft,2,1128,2,,,98136,479950
sqft,2,2360,2,5800,sqft,98199,1460000
sqft,2.5,1396,3,4800,sqft,98136,780000
sqft,1,615,1,,,98102,485000
sqft,2,2340,4,7500,sqft,98115,925000
sqft,1.5,2140,4,6511,sqft,98125,700500
sqft,3,2980,4,4480,sqft,98105,1090000
sqft,1.5,1390,3,9350,sqft,98168,412000
sqft,1,720,2,4240,sqft,98106,525000
sqft,1,712,1,,,98133,325000
sqft,2.5,1850,4,2856,sqft,98108,945000
sqft,4.5,1710,3,1326,sqft,98126,725000
sqft,1,970,2,0.35,acre,98106,386000
sqft,2,1606,3,900,sqft,98109,1450000
sqft,2.5,1815,3,1500,sqft,98103,1295000
sqft,1,1120,2,1188,sqft,98122,700000
sqft,2,2220,4,9295,sqft,98177,995000
sqft,1,570,1,,,98116,345000
sqft,2,1460,3,4590,sqft,98117,888000
sqft,3,3820,5,7980,sqft,98116,1575000
sqft,3.5,2480,3,2400,sqft,98119,1795000
sqft,3,2777,5,7026,sqft,98125,1338600
sqft,2,1170,2,588,sqft,98144,624999
sqft,1,587,1,,,98125,260000
sqft,1,1430,3,2280,sqft,98103,980000
sqft,5.5,1320,2,1250,sqft,98144,679950
sqft,2,2170,2,5250,sqft,98116,893000
sqft,1,635,1,,,98102,495000
sqft,1.5,1630,3,6615,sqft,98115,895000
sqft,2,1900,2,2164,sqft,98122,1310000
sqft,2,1760,3,4000,sqft,98106,689000
sqft,2.5,1712,3,1514,sqft,98107,970000
sqft,2.5,3190,4,5500,sqft,98102,1820000
sqft,3.5,3590,4,4000,sqft,98109,2900000
sqft,1,630,1,4895,sqft,98133,255000
sqft,2,1150,2,,,98121,615000
sqft,2,1830,5,5220,sqft,98118,665000
sqft,1,760,2,3072,sqft,98144,250000
sqft,2.5,2600,3,5100,sqft,98117,1148000
sqft,2,2130,3,4850,sqft,98107,990200
sqft,3.5,2899,3,5346,sqft,98199,1800000
sqft,1,1090,3,0.31,acre,98178,400000
sqft,4,3360,4,5000,sqft,98107,1200000
sqft,2.5,2240,4,5229,sqft,98117,1050000
sqft,1,886,2,8863,sqft,98112,620000
sqft,2,1560,3,4960,sqft,98106,799000
sqft,2,1730,4,8100,sqft,98146,852000
sqft,2,1700,3,5346,sqft,98115,1150000
sqft,3.5,1909,4,1544,sqft,98103,1500000
sqft,2,2180,3,3740,sqft,98117,1012000
sqft,1,681,1,,,98105,470000
sqft,3,1460,3,7200,sqft,98144,1000000
sqft,1,704,1,,,98119,365000
sqft,1,1010,2,6750,sqft,98125,549950
sqft,2.5,1635,2,,,98102,1850000
sqft,1.5,1022,2,,,98144,655000
sqft,1,990,3,8100,sqft,98146,635000
sqft,2,1164,2,8280,sqft,98117,706474
sqft,1,583,1,0.29,acre,98119,349000
sqft,1.5,888,2,,,98103,700000
sqft,2,2740,4,6000,sqft,98119,1400000
sqft,2,1670,3,5400,sqft,98118,485000
sqft,1,830,3,7800,sqft,98125,660000
sqft,2,1200,2,1247,sqft,98122,705000
sqft,3.5,2530,3,1880,sqft,98102,1299000
sqft,3,2660,4,5100,sqft,98117,1360000
sqft,2,2820,4,4764,sqft,98117,1441000
sqft,1,1011,2,0.24,acre,98103,159488
sqft,1.5,1088,2,1518,sqft,98106,590000
sqft,3.5,3785,6,5150,sqft,98117,3150000
sqft,2,1540,3,1102,sqft,98144,630000
sqft,1.5,1180,2,0.25,acre,98168,575000
sqft,3.5,1968,3,1498,sqft,98199,980000
sqft,1,610,1,0.59,acre,98119,340000
sqft,2,1346,2,0.53,acre,98116,800000
sqft,2.5,1320,2,1030,sqft,98133,570000
sqft,3.5,3064,3,0.59,acre,98121,2450000
sqft,2,2980,3,5800,sqft,98115,1415000
sqft,3.5,3050,4,6146,sqft,98102,2250000
sqft,2,2020,3,7200,sqft,98133,917500
sqft,2.5,1926,3,1483,sqft,98122,1148000
sqft,1,1330,2,7425,sqft,98125,479000
sqft,2,2410,3,4950,sqft,98199,1083000
sqft,2.5,1580,2,5000,sqft,98106,699000
sqft,1,1030,3,4480,sqft,98105,710000
sqft,3,1630,3,6721,sqft,98168,615000
sqft,2.5,2370,4,3600,sqft,98146,750000
sqft,1,783,1,,,98101,530000
sqft,1,1310,4,6000,sqft,98146,735000
sqft,2,1996,3,4656,sqft,98117,986500
sqft,2,1580,3,6396,sqft,98126,820000
sqft,1,781,1,,,98122,481000
sqft,2,1517,2,,,98105,1350000
sqft,2,2360,4,6120,sqft,98115,950000
sqft,2,1496,3,1,acre,98144,824500
sqft,2.5,1250,2,1027,sqft,98117,725000
sqft,2,1810,2,,,98119,1350000
sqft,1,531,1,,,98121,489000
sqft,2.5,2380,4,5000,sqft,98105,1900000
sqft,2,1095,2,617,sqft,98177,599950
sqft,2,1080,2,1175,sqft,98106,533500
sqft,2,1146,2,800,sqft,98112,845000
sqft,2.5,1544,4,2352,sqft,98117,850000
sqft,1,707,1,0.26,acre,98122,590000
sqft,3,2067,4,1,acre,98122,1074900
sqft,3,2360,4,7200,sqft,98115,1360000
sqft,2,724,2,5400,sqft,98103,430000
sqft,2.5,1649,2,,,98118,765000
sqft,2.5,2180,5,4069,sqft,98118,1009975
sqft,2,1960,3,4400,sqft,98199,955000
sqft,1,727,1,5250,sqft,98103,445000
sqft,2,1209,3,752,sqft,98116,725000
sqft,1,650,1,,,98116,349000
sqft,3,3070,5,3400,sqft,98117,1450000
sqft,2.5,2130,4,6250,sqft,98136,960000
sqft,2.5,2220,4,3770,sqft,98144,1235000
sqft,3,2288,4,6550,sqft,98126,1105000
sqft,2,1370,2,,,98121,1050000
sqft,3,3120,5,7865,sqft,98178,795000
sqft,2.5,2180,4,6099,sqft,98115,1275000
sqft,2,1590,3,3000,sqft,98146,560000
sqft,1.5,2220,3,6270,sqft,98115,930000
sqft,1,813,1,,,98178,240000
sqft,1,574,1,1.17,acre,98109,280000
sqft,2,2480,4,5996,sqft,98122,825000
sqft,3,3320,4,5750,sqft,98116,750000
sqft,1,1720,2,5017,sqft,98118,575000
sqft,2,2050,3,5000,sqft,98109,1265000
sqft,3,2370,4,3880,sqft,98115,1830000
sqft,5,3660,4,0.29,acre,98118,2695000
sqft,3.5,1670,3,905,sqft,98107,1115000
sqft,3.5,990,2,0.86,acre,98178,405000
sqft,3,3120,3,5996,sqft,98199,1350000
sqft,2,2260,3,6000,sqft,98199,1300000
sqft,1,650,2,3780,sqft,98103,708888
sqft,3.5,1540,3,2322,sqft,98126,699950
sqft,3.5,1980,3,1659,sqft,98144,1055000
sqft,1,2160,3,5100,sqft,98115,920000
sqft,2.5,3080,4,0.3,acre,98117,1650000
sqft,3,1740,2,4148,sqft,98105,1395000
sqft,2,1900,3,4000,sqft,98112,1766000
sqft,5,3940,9,5303,sqft,98133,1089000
sqft,1.5,1366,2,,,98116,839000
sqft,1.5,1920,4,0.24,acre,98125,850000
sqft,1,715,1,,,98115,515000
sqft,2.5,1610,3,1690,sqft,98107,895000
sqft,4,2960,6,3796,sqft,98199,1050000
sqft,2,1810,4,5100,sqft,98117,945000
sqft,2,1125,2,,,98102,705000
sqft,2,1893,2,9.2,acre,98115,727000
sqft,2,1096,3,1,acre,98117,875000
sqft,4.5,3760,3,7000,sqft,98199,1570000
sqft,2.5,2720,4,8000,sqft,98136,1315000
sqft,2,1510,2,7200,sqft,98105,915000
sqft,2,1350,2,815,sqft,98119,1035000
sqft,3.5,2980,4,4800,sqft,98112,2400000
sqft,2,1443,2,,,98168,325000
sqft,2,1170,2,,,98115,428000
sqft,2,2260,5,3848,sqft,98117,865000
sqft,2,1990,3,8710,sqft,98146,730000
sqft,1.5,1555,2,0.96,acre,98122,677500
sqft,2,2350,3,4400,sqft,98122,1140000
sqft,1,1440,2,6090,sqft,98125,699950
sqft,1,627,1,1.06,acre,98107,429000
sqft,1,551,1,,,98121,410000
sqft,1,770,2,5896,sqft,98126,560000
sqft,2.5,1570,3,1342,sqft,98103,700000
sqft,1,699,1,,,98199,390000
sqft,3,2650,3,8612,sqft,98105,1600000
sqft,1.5,1070,2,1726,sqft,98103,850000
sqft,0.5,1941,3,3726,sqft,98103,892700
sqft,2.5,2030,3,3999,sqft,98115,1439000
sqft,1,1620,2,0.39,acre,98178,619000
sqft,2.5,1400,2,1112,sqft,98103,850000
sqft,2,2354,3,4400,sqft,98115,938000
sqft,3.5,1155,2,,,98118,219700
sqft,1,1340,3,7669,sqft,98177,785000
sqft,1,903,2,4.06,acre,98146,363500
sqft,1.5,1220,3,6350,sqft,98103,599000
sqft,1,1250,2,4500,sqft,98118,500000
sqft,2,1040,2,6800,sqft,98133,625000
sqft,1,1660,2,4800,sqft,98109,850000
sqft,1,744,1,,,98115,345000
sqft,1.5,805,2,5000,sqft,98107,500000
sqft,1,1060,3,4000,sqft,98117,1125000
sqft,3.5,3160,5,6200,sqft,98112,2300000
sqft,3,1120,3,4800,sqft,98168,525000
sqft,2.5,1881,4,1881,sqft,98133,870000
sqft,2.5,3460,5,7464,sqft,98144,2425000
sqft,1,376,1,0.23,acre,98199,1000000
sqft,2,880,2,0.23,acre,98126,680000
sqft,1,794,1,,,98121,660000
sqft,2,1340,3,2211,sqft,98103,925000
sqft,2.5,2560,4,6582,sqft,98116,1712000
sqft,2,2178,4,6800,sqft,98133,880000
sqft,1,1180,2,,,98122,870260
sqft,3.5,3220,4,6250,sqft,98199,2195000
sqft,3,2070,3,4227,sqft,98136,730000
sqft,2.5,2131,3,1036,sqft,98119,1520000
sqft,3,970,2,593,sqft,98102,769900
sqft,3.5,2430,6,5580,sqft,98108,870000
sqft,2.5,1395,3,1418,sqft,98116,725000
sqft,2.5,1810,3,6925,sqft,98125,922000
sqft,1,904,2,,,98122,520000
sqft,1,717,1,0.27,acre,98109,425000
sqft,3,2170,5,7500,sqft,98178,775000
sqft,3,3120,4,9750,sqft,98144,1670000
sqft,2,1870,3,4000,sqft,98136,849000
sqft,3.5,2285,4,1792,sqft,98116,1500000
sqft,2.5,2783,3,7206,sqft,98199,1640000
sqft,2,2540,4,4700,sqft,98107,1280000
sqft,2,1734,2,,,98109,725000
sqft,1,1010,2,0.34,acre,98125,870000
sqft,2.5,1420,3,1873,sqft,98103,890000
sqft,1,1410,3,7080,sqft,98118,475000
sqft,2,2320,3,4000,sqft,98115,880000
sqft,1,553,1,,,98103,335000
sqft,2,1719,3,1056,sqft,98103,1160000
sqft,2,2037,4,3326,sqft,98119,1247500
sqft,1,954,1,,,98101,555000
sqft,1.5,1370,2,938,sqft,98115,700000
sqft,1,1480,2,6734,sqft,98117,905000
sqft,4.5,3636,5,6180,sqft,98115,2840000
sqft,1.5,1780,3,4800,sqft,98126,650000
sqft,2,1094,3,2332,sqft,98108,649995
sqft,1,830,1,5100,sqft,98103,695000
sqft,2,834,2,,,98126,351000
sqft,1.5,1035,2,,,98112,656500
sqft,3,2790,4,0.35,acre,98133,965000
sqft,2,859,2,,,98126,499950
sqft,3.5,5690,4,7469,sqft,98112,3630000
sqft,1,772,2,,,98103,409000
sqft,1,1430,3,0.37,acre,98168,499800
sqft,2.5,1460,3,1850,sqft,98106,575000
sqft,2.5,1386,3,1065,sqft,98107,999950
sqft,3,2310,5,4011,sqft,98106,780000
sqft,1.5,1340,2,4342,sqft,98115,675000
sqft,4,1291,2,1361,sqft,98116,800500
sqft,2.5,2320,3,4400,sqft,98116,949000
sqft,2.5,2150,3,0.32,acre,98116,1360000
sqft,2,1885,2,,,98115,550000
sqft,2,1425,3,759,sqft,98117,750000
sqft,2.5,1810,3,1436,sqft,98107,1000000
sqft,1,1280,2,2690,sqft,98118,859000
sqft,3,1480,3,9127,sqft,98117,729000
sqft,3,2110,3,7324,sqft,98177,1270000
sqft,1,1027,2,,,98115,300000
sqft,1,808,1,,,98101,730000
sqft,2.5,1569,3,1553,sqft,98107,950000
sqft,3,2247,3,866,sqft,98109,1725000
sqft,1,1220,3,5000,sqft,98107,750000
sqft,1,1060,2,3250,sqft,98103,900000
sqft,2,1920,4,0.41,acre,98118,1210000
sqft,1,804,1,,,98116,425000
sqft,1,813,2,,,98116,452500
sqft,1.5,1740,4,9205,sqft,98146,649950
sqft,1.5,2230,3,3500,sqft,98117,1075000
sqft,2.5,2760,4,6001,sqft,98178,640000
sqft,3,1660,3,625,sqft,98118,795000
sqft,2.5,1360,3,916,sqft,98112,805000
sqft,4.5,5200,4,7653,sqft,98118,2600000
sqft,2.5,1573,3,1255,sqft,98107,1030000
sqft,1,700,1,,,98101,645000
sqft,3,1700,4,7320,sqft,98146,649000
sqft,3.5,2560,4,4080,sqft,98144,1325000
sqft,2,1330,3,1539,sqft,98122,680000
sqft,2,2180,4,5100,sqft,98115,838000
sqft,2,1350,3,1055,sqft,98103,785000
sqft,1.5,1720,2,1588,sqft,98144,725000
sqft,3.5,3060,4,0.96,acre,98136,3931000
sqft,2,954,2,0.33,acre,98133,380000
sqft,2.5,1460,2,1536,sqft,98106,599950
sqft,3,1540,4,3060,sqft,98105,1108000
sqft,1,709,1,,,98109,470000
sqft,1.5,2560,3,6150,sqft,98118,720000
sqft,1,534,1,,,98119,324000
sqft,2.5,1440,2,3000,sqft,98144,875000
sqft,1,627,1,,,98121,462750
sqft,2.5,1324,3,2217,sqft,98126,649950
sqft,2,1290,2,1192,sqft,98125,635000
sqft,1,748,1,0.26,acre,98122,499000
sqft,2.5,1830,2,,,98116,1730000
sqft,2,1660,3,6120,sqft,98115,795000
sqft,1,1964,3,9050,sqft,98168,625000
sqft,2,1460,3,1554,sqft,98116,759000
sqft,1,683,1,0.29,acre,98119,450500
sqft,2,2060,4,5080,sqft,98115,812500
sqft,2,1160,4,4224,sqft,98103,710000
sqft,2,1540,3,1124,sqft,98144,680000
sqft,1,529,1,,,98118,265000
sqft,1,1860,2,2526,sqft,98105,898000
sqft,1,648,1,,,98115,515000
sqft,4,4490,5,5220,sqft,98122,1150000
sqft,4,2310,6,5012,sqft,98108,849000
sqft,3.5,3130,3,0.28,acre,98105,2350000
sqft,1,2110,2,8160,sqft,98146,376000
sqft,1.5,1590,3,3797,sqft,98108,700000
sqft,2.5,1280,3,1845,sqft,98105,900000
sqft,1,840,2,8150,sqft,98118,495000
sqft,2,2020,3,8120,sqft,98125,950000
sqft,3,3610,4,8037,sqft,98105,2330000
sqft,3.5,2336,4,,,98115,1080000
sqft,1,1040,2,6103,sqft,98133,350000
sqft,1,620,1,,,98119,399000
sqft,1,728,1,,,98119,360000
sqft,2.5,1970,3,2109,sqft,98103,715000
sqft,3,2190,4,5350,sqft,98115,1490000
sqft,3,2120,4,7721,sqft,98126,920000
sqft,2,1415,2,6.4,acre,98125,449000
sqft,3.5,1835,4,1750,sqft,98103,1299950
sqft,4.5,1670,2,905,sqft,98107,1115000
sqft,3.5,2570,3,4094,sqft,98105,2000000
sqft,2,2060,3,3090,sqft,98118,700000
sqft,2.5,1740,3,1389,sqft,98102,1678000
sqft,3,2510,5,5130,sqft,98103,910000
sqft,2.5,1000,2,,,98144,660000
sqft,2,1516,3,5000,sqft,98116,1150000
sqft,1,940,3,4850,sqft,98136,500000
sqft,2,2440,4,4002,sqft,98144,1116000
sqft,4,2470,5,5000,sqft,98118,1005000
sqft,2,1288,2,5365,sqft,98133,755000
sqft,3.5,3240,4,4680,sqft,98112,1995000
sqft,2,693,2,,,98119,490000
sqft,2.5,1550,3,1391,sqft,98107,825000
sqft,2,2080,4,7740,sqft,98106,750000
sqft,3,1400,4,5000,sqft,98107,1000000
sqft,2.5,1159,2,5250,sqft,98122,885000
sqft,1.5,901,2,4800,sqft,98107,599000
sqft,3,2900,4,7500,sqft,98136,1175000
sqft,2.5,2052,4,0.38,acre,98178,865000
sqft,1,773,1,,,98121,685000
sqft,2,1040,2,,,98118,345000
sqft,2,2353,2,8750,sqft,98116,1160000
sqft,2,1212,2,,,98136,600000
sqft,2,2640,5,2950,sqft,98122,1000000
sqft,1,1090,2,4500,sqft,98118,580000
sqft,2.5,3960,5,7680,sqft,98199,1850000
sqft,1.5,3030,4,5400,sqft,98112,1500000
sqft,2.5,3080,4,9300,sqft,98168,650000
sqft,1,700,1,,,98119,405000
sqft,1.5,1276,2,0.54,acre,98103,885000
sqft,1,910,3,7242,sqft,98168,480000
sqft,3.5,4180,5,4080,sqft,98109,3000000
sqft,1,852,1,,,98107,430000
sqft,1.5,2830,5,4000,sqft,98118,766000
sqft,1,970,2,5130,sqft,98116,600000
sqft,2,1576,3,1238,sqft,98122,974999
sqft,1,667,1,,,98115,327500
sqft,2,1080,3,5750,sqft,98116,875000
sqft,5.5,2659,2,0.52,acre,98102,6250000
sqft,5,3623,5,8000,sqft,98115,1975000
sqft,3.5,2520,4,3821,sqft,98199,1765000
sqft,3.5,2720,4,3024,sqft,98102,1750000
sqft,2,968,2,656,sqft,98103,715000
sqft,2,839,2,,,98133,385000
sqft,3.5,2080,2,1412,sqft,98103,1495000
sqft,2,693,2,,,98119,480000
sqft,2.5,1365,2,4.05,acre,98118,525000
sqft,1,1580,2,0.52,acre,98178,500000
sqft,1,860,2,6678,sqft,98116,750000
sqft,2,1038,2,0.33,acre,98116,600000
sqft,3,2860,4,4182,sqft,98103,1600000
sqft,1,557,1,,,98102,370000
sqft,2,1644,2,,,98101,2250000
sqft,2,2340,5,5120,sqft,98106,613000
sqft,2.5,1810,3,1436,sqft,98107,1000000
sqft,1,2530,2,5000,sqft,98122,700000
sqft,3.5,1820,3,1099,sqft,98122,1125000
sqft,1,648,2,4997,sqft,98107,430000
sqft,2.5,1448,2,0.54,acre,98103,1325000
sqft,1,1660,2,0.28,acre,98125,535000
sqft,3,2970,5,5250,sqft,98117,1225000
sqft,4,3030,5,5200,sqft,98108,1250000
sqft,2,1400,3,8910,sqft,98106,530000
sqft,1.5,900,2,1,acre,98133,549755
sqft,2,2740,3,5000,sqft,98144,1278500
sqft,1,720,2,6693,sqft,98117,545000
sqft,2.5,1880,4,3300,sqft,98117,1050000
sqft,2.5,1681,3,3.97,acre,98126,650000
sqft,2,3325,4,6000,sqft,98199,1650000
sqft,3.5,4397,5,6800,sqft,98105,3400000
sqft,1.5,1540,3,6300,sqft,98126,689000
sqft,1,1530,3,0.31,acre,98146,435000
sqft,2,1015,2,2.02,acre,98115,468000
sqft,3,2340,4,5023,sqft,98108,780000
sqft,1,836,1,,,98121,605000
sqft,1,492,1,,,98146,205000
sqft,3,1880,3,2200,sqft,98107,999950
sqft,2,1570,2,3060,sqft,98103,849000
sqft,2.5,1806,4,5000,sqft,98118,745000
sqft,2,1595,2,,,98119,945000
sqft,2,1526,2,,,98199,893000
sqft,2.5,1346,3,1270,sqft,98107,899000
sqft,2,1600,3,8640,sqft,98117,877500
sqft,2,1170,2,0.42,acre,98112,655000
sqft,2.5,1660,3,1681,sqft,98144,690000
sqft,1,707,1,4.66,acre,98133,325000
sqft,2,1390,3,6656,sqft,98116,899950
sqft,2,2900,3,3800,sqft,98199,1305000
sqft,1,704,1,1,acre,98144,519950
sqft,4,2400,3,5563,sqft,98122,1460000
sqft,1,1120,3,4000,sqft,98112,985000
sqft,2,1710,4,3250,sqft,98117,1170000
sqft,2,1880,3,1751,sqft,98122,955000
sqft,3,1454,3,760,sqft,98122,890955
sqft,5,3884,14,4968,sqft,98106,1300000
sqft,1.5,2300,3,4100,sqft,98107,1125000
sqft,3,2520,4,3000,sqft,98105,1025000
sqft,3,3335,4,6000,sqft,98115,1325000
sqft,2.5,2118,3,2466,sqft,98118,837000
sqft,1,910,2,4800,sqft,98117,825000
sqft,1,2080,4,4845,sqft,98117,800000
sqft,1,2520,2,5000,sqft,98122,810000
sqft,2,1560,3,5056,sqft,98116,965000
sqft,1,1130,2,4388,sqft,98199,1180000
sqft,1,543,1,1.21,acre,98121,425000
sqft,1,620,1,6090,sqft,98178,524950
sqft,3,1720,3,8370,sqft,98177,865000
sqft,2,1015,2,2.02,acre,98115,500000
sqft,1,530,1,2500,sqft,98118,390800
sqft,2,1350,4,5300,sqft,98106,700000
sqft,2.5,1510,3,2656,sqft,98133,717500
sqft,1.5,1021,1,,,98101,1099900
sqft,1,1730,3,4200,sqft,98103,900000
sqft,2,3120,2,0.33,acre,98118,1050000
sqft,2.5,2172,4,3431,sqft,98105,975000
sqft,3.5,1410,3,1478,sqft,98117,740000
sqft,1,578,1,,,98121,379000
sqft,2,1350,2,4590,sqft,98117,960000
sqft,2,900,2,2041,sqft,98102,1650000
sqft,2.5,1865,2,,,98109,890000
sqft,2,1174,2,800,sqft,98109,779000
sqft,1.5,1250,3,0.27,acre,98178,552000
sqft,3,3590,5,6900,sqft,98117,1700000
sqft,2,1548,3,1139,sqft,98117,850000
sqft,3,3030,4,6960,sqft,98115,1119000
sqft,1,622,1,,,98103,387000
sqft,2,2245,4,7892,sqft,98178,775000
sqft,3.5,2627,4,5150,sqft,98118,1650000
sqft,2.5,3680,4,7000,sqft,98118,1880000
sqft,1,2170,2,6985,sqft,98199,950000
sqft,1,1600,3,3600,sqft,98119,1023000
sqft,2.5,2803,2,,,98101,2320000
sqft,1.5,2120,3,3880,sqft,98105,865000
sqft,2.5,1980,3,5000,sqft,98146,675000
sqft,2,1370,3,3060,sqft,98103,1270000
sqft,1,723,1,,,98133,315000
sqft,1.5,1300,4,4080,sqft,98122,975000
sqft,2,1060,3,5290,sqft,98106,599000
sqft,1,531,1,,,98121,396000
sqft,1,770,2,5772,sqft,98106,490000
sqft,3,2470,4,0.29,acre,98115,1180000
sqft,2.5,2260,3,4000,sqft,98103,1406000
sqft,1.5,1120,2,966,sqft,98103,605000
sqft,3.5,1936,3,1770,sqft,98122,1295000
sqft,2.5,1560,2,1263,sqft,98117,730000
sqft,2,1020,2,776,sqft,98118,605000
sqft,2,1100,3,2700,sqft,98122,645000
sqft,2,2120,3,6400,sqft,98103,1130000
sqft,2.5,1400,2,824,sqft,98102,1062500
sqft,2,1429,2,,,98126,855000
sqft,2.5,1320,3,1396,sqft,98117,835000
sqft,4.5,4790,4,5000,sqft,98144,1750000
sqft,1,1070,3,6535,sqft,98168,515000
sqft,2.5,1966,2,1412,sqft,98103,1495000
sqft,2,1146,2,1,acre,98116,675000
sqft,2.5,1047,3,680,sqft,98144,720000
sqft,1.5,1760,2,4000,sqft,98144,650000
sqft,2,1030,2,7200,sqft,98125,826500
sqft,2,1514,3,990,sqft,98107,915000
sqft,1.5,1520,3,7150,sqft,98146,720000
sqft,3.5,3360,4,6000,sqft,98136,1575000
sqft,2,1910,3,7500,sqft,98136,725000
sqft,2.5,1550,2,1131,sqft,98122,1051500
sqft,1,641,1,,,98122,349000
sqft,3,1190,3,850,sqft,98144,765000
sqft,2,2640,4,3840,sqft,98122,700000
sqft,1.5,938,2,,,98106,425000
sqft,3.5,2206,3,1500,sqft,98103,1116000
sqft,1,680,1,,,98104,355000
sqft,1,749,2,,,98103,489000
sqft,2,1353,2,,,98115,785000
sqft,1,250,1,250,acre,98103,159000
sqft,4,3136,8,8636,sqft,98146,1005000
sqft,2,1149,2,564,sqft,98115,730000
sqft,1,861,1,9600,sqft,98126,405000
sqft,2.5,2050,4,9555,sqft,98177,805000
sqft,2,1106,2,,,98109,700000
sqft,3.5,1930,3,6000,sqft,98125,600000
sqft,3,3090,4,0.34,acre,98168,210000
sqft,2,2437,3,6500,sqft,98118,1275000
sqft,2.5,1330,2,856,sqft,98105,699950
sqft,2,1680,3,6000,sqft,98136,910000
sqft,2,834,2,,,98115,552450
sqft,2,1112,2,1484,sqft,98177,675000
sqft,1,626,1,2.63,acre,98115,275000
sqft,1,1230,2,5000,sqft,98144,326000
sqft,2.5,2840,4,4480,sqft,98105,1200000
sqft,1.5,1115,2,745,sqft,98107,745000
sqft,2,2240,4,5043,sqft,98106,750000
sqft,3,1687,3,,,98115,946000
sqft,3,1900,4,2256,sqft,98103,1150000
sqft,3,1970,3,8540,sqft,98177,1395000
sqft,2.5,1512,3,1041,sqft,98144,760000
sqft,1,696,1,,,98122,449000
sqft,1.5,806,2,4001,sqft,98106,510000
sqft,2,1319,2,794,sqft,98107,838000
sqft,1,2300,2,8799,sqft,98168,525000
sqft,1.5,1127,2,5500,sqft,98102,1008000
sqft,2,2280,4,8000,sqft,98168,640000
sqft,2,1120,2,1168,sqft,98126,789500
sqft,3,1960,4,5200,sqft,98136,1270000
sqft,1,627,1,0.34,acre,98101,335000
sqft,2,1228,2,900,sqft,98109,900000
sqft,2,1800,3,3172,sqft,98117,1130000
sqft,1,883,1,,,98119,500000
sqft,1,1190,4,7320,sqft,98106,463900
sqft,5.5,5770,5,8226,sqft,98122,5000000
sqft,2.5,1710,2,962,sqft,98117,875000
sqft,2,968,2,656,sqft,98103,700000
sqft,1,790,2,5877,sqft,98178,532500
sqft,1,376,1,0.23,acre,98199,1000000
sqft,5.5,4510,6,0.28,acre,98178,2202718
sqft,2,1300,3,3914,sqft,98199,1100000
sqft,3.5,2106,3,1785,sqft,98115,1266000
sqft,2.5,1573,3,1243,sqft,98107,1099950
sqft,2,2870,4,2.27,acre,98168,703500
sqft,3.5,4006,4,5000,sqft,98199,2940000
sqft,1,1060,2,5666,sqft,98108,875000
sqft,1,562,1,,,98199,285000
sqft,2.5,1610,3,1426,sqft,98199,840000
sqft,3,1212,2,0.7,acre,98136,600000
sqft,2.5,2390,4,3570,sqft,98115,1350000
sqft,1,1080,2,6000,sqft,98199,950000
sqft,1,1350,2,6500,sqft,98126,850000
sqft,3.5,2795,4,6400,sqft,98122,1740000
sqft,2,1369,2,,,98116,720000
sqft,1,970,2,2714,sqft,98103,1075000
sqft,3.5,1820,3,1101,sqft,98122,1250000
sqft,2,1770,3,7242,sqft,98168,500000
sqft,4,3280,6,5650,sqft,98118,999950
sqft,1,1260,3,0.32,acre,98168,440000
sqft,2.5,1939,4,2499,sqft,98107,1025000
sqft,1,610,1,,,98101,679950
sqft,3,2200,4,5586,sqft,98118,874999
sqft,3.5,3036,3,,,98121,3250000
sqft,2.5,1861,3,,,98121,1395000
sqft,2,1650,3,5075,sqft,98126,750000
sqft,1,722,1,,,98118,299900
sqft,2,1260,3,2640,sqft,98133,615000
sqft,2.5,2714,2,,,98102,1735000
sqft,2,1020,2,776,sqft,98118,605000
sqft,3.5,1471,3,,,98144,799990
sqft,2.5,1500,3,1235,sqft,98119,1023500
sqft,1,1080,2,6000,sqft,98118,650000
sqft,2.5,1544,4,1562,sqft,98117,889000
sqft,2,1004,2,,,98125,320000
sqft,2,1470,4,4000,sqft,98118,460000
sqft,2,1680,4,2600,sqft,98107,930000
sqft,2,2420,4,3680,sqft,98126,948750
sqft,3.5,2011,4,2421,sqft,98136,1130000
sqft,2,896,2,,,98107,549250
sqft,2,1415,2,,,98125,445000
sqft,2.5,840,2,846,sqft,98144,629000
sqft,1,434,1,6600,sqft,98102,345000
sqft,2.5,2730,4,5724,sqft,98146,1175000
sqft,1.5,1350,3,2497,sqft,98118,599000
sqft,3.5,1740,3,2061,sqft,98122,840000
sqft,2.5,1940,3,2880,sqft,98118,1140000
sqft,1,1340,4,6000,sqft,98144,685000
sqft,2,1110,2,1650,sqft,98103,689000
sqft,2.5,1380,3,1550,sqft,98115,613000
sqft,2.5,1400,3,1001,sqft,98136,785000
sqft,2,2110,3,4000,sqft,98108,815000
sqft,1,557,1,0.88,acre,98102,399950
sqft,2,1830,3,5850,sqft,98126,835000
sqft,2,1480,3,5000,sqft,98116,780000
sqft,1.5,1550,3,8070,sqft,98133,835000
sqft,2,1670,3,8573,sqft,98146,620000
sqft,2.5,2890,4,3060,sqft,98115,1650000
sqft,3.5,1590,3,1781,sqft,98136,820000
sqft,1,630,1,0.4,acre,98109,439900
sqft,2,1440,4,4560,sqft,98126,760000
sqft,2.5,2529,3,3000,sqft,98122,1650000
sqft,3,1086,3,0.37,acre,98144,539950
sqft,2,1565,3,2500,sqft,98103,985000
sqft,2,916,2,,,98121,760000
sqft,7,2190,3,5504,sqft,98112,1868000
sqft,2,1400,2,3060,sqft,98115,530000
sqft,3.5,1352,3,1680,sqft,98115,886000
sqft,4,2030,4,5400,sqft,98115,1349000
sqft,2,1455,3,1,acre,98117,959822
sqft,4,3240,5,8820,sqft,98199,1825000
sqft,2,924,3,0.26,acre,98126,422000
sqft,2,1470,2,,,98115,825000
sqft,2,1758,3,1350,sqft,98103,1130000
sqft,2.5,1830,3,1175,sqft,98116,960000
sqft,1,1019,2,,,98107,640000
sqft,3,2970,4,4000,sqft,98102,1950000
sqft,3.5,1500,3,1182,sqft,98103,700000
sqft,2,2020,3,6000,sqft,98119,900000
sqft,3.5,2188,3,4920,sqft,98112,1700000
sqft,1,507,1,,,98101,460000
sqft,1.5,1131,2,1,acre,98144,699950
sqft,2,982,2,,,98122,705000
sqft,2,1889,2,9601,sqft,98112,2750000
sqft,1,1440,2,,,98133,699990
sqft,2,789,2,,,98107,475000
sqft,2,1131,2,6018,sqft,98116,575000
sqft,3,3300,4,7700,sqft,98199,1995000
sqft,2,2510,4,5460,sqft,98115,1025000
sqft,2.5,1580,2,0.31,acre,98178,1790000
sqft,2,966,1,,,98121,640000
sqft,1,703,1,0.51,acre,98126,350000
sqft,2,1220,2,755,sqft,98118,600000
sqft,5,3590,9,4680,sqft,98117,1100400
sqft,5.5,4299,6,6867,sqft,98115,3300000
sqft,1,900,1,,,98105,369950
sqft,2.5,1260,3,1252,sqft,98117,750000
sqft,2.5,1048,2,1048,sqft,98115,760000
sqft,1,1470,4,8520,sqft,98125,699999
sqft,1,1113,1,9830,sqft,98102,595000
sqft,2,1570,2,3250,sqft,98103,715000
sqft,2.5,2740,3,4800,sqft,98117,1375000
sqft,2.5,1470,2,780,sqft,98103,885000
sqft,2,1710,4,9660,sqft,98118,685000
sqft,2.5,1580,3,1372,sqft,98103,1095000
sqft,1,800,2,6946,sqft,98125,550000
sqft,1,980,3,3000,sqft,98103,500000
sqft,3.5,3700,5,7581,sqft,98122,2075000
sqft,2,2352,4,5000,sqft,98199,1450000
sqft,3,2320,3,9465,sqft,98125,675000
sqft,2,1503,2,6250,sqft,98108,729000
sqft,5.5,2410,4,9000,sqft,98146,1500000
sqft,1.5,950,2,1,acre,98103,1270000
sqft,1.5,1640,3,5196,sqft,98103,1060000
sqft,1.5,2440,3,4000,sqft,98112,1400000
sqft,1,594,1,0.39,acre,98105,405000
sqft,2,1480,4,6075,sqft,98118,665000
sqft,2.5,1220,3,1136,sqft,98118,618000
sqft,2,2740,3,8340,sqft,98177,1305000
sqft,3,2160,3,6710,sqft,98118,1300000
sqft,2,1400,2,802,sqft,98199,850000
sqft,2.5,2650,3,7548,sqft,98136,1112000
sqft,2,2735,2,0.3,acre,98121,871000
sqft,1,750,1,,,98116,420000
sqft,1,1201,2,5000,sqft,98126,605000
sqft,6,3488,6,2388,sqft,98103,1225000
sqft,2,1742,4,1.25,acre,98105,781000
sqft,2,2390,4,5535,sqft,98105,1195000
sqft,1,4018,3,5000,sqft,98122,517500
sqft,3.5,1530,3,3000,sqft,98117,1089000
sqft,1,600,1,,,98112,370000
sqft,3.5,3340,5,3600,sqft,98112,2500000
sqft,1,2060,2,6000,sqft,98106,525000
sqft,2.5,1650,3,2752,sqft,98106,675000
sqft,1,640,1,0.4,acre,98144,497000
sqft,2,1106,2,0.29,acre,98109,1470000
sqft,2,1200,2,8000,sqft,98199,519000
sqft,2.5,1390,3,1570,sqft,98126,575000
sqft,2,1759,3,1188,sqft,98116,890000
sqft,1.5,1690,2,5027,sqft,98118,779000
sqft,3.5,2191,4,4120,sqft,98103,1394600
sqft,2.5,1380,3,1022,sqft,98144,655000
sqft,2,877,2,2.63,acre,98115,415000
sqft,4,2754,5,3969,sqft,98126,956000
sqft,2,2770,3,7770,sqft,98115,700000
sqft,1,515,1,,,98116,309000
sqft,2,2029,3,9.2,acre,98115,685000
sqft,3,2560,4,9956,sqft,98115,890000
sqft,3.5,2966,5,1,acre,98126,1263500
sqft,2.5,1763,3,2498,sqft,98117,1135000
sqft,2.5,1550,3,7089,sqft,98116,1350000
sqft,1,830,2,6600,sqft,98177,645000
sqft,2,1019,2,,,98119,499000
sqft,1,696,1,,,98105,385000
sqft,3.5,5090,5,0.27,acre,98102,4325000
sqft,4.5,1460,3,1231,sqft,98108,700000
sqft,2,1036,2,656,sqft,98103,789950
sqft,1,854,1,,,98103,540000
sqft,3,1687,3,1,acre,98115,1035000
sqft,1.5,1430,3,8992,sqft,98168,438000
sqft,2,1960,2,7405,sqft,98168,580000
sqft,3.5,2720,4,7598,sqft,98115,1395000
sqft,1,706,1,0.46,acre,98116,520000
sqft,2,2600,3,4200,sqft,98144,1525000
sqft,2,1900,3,6093,sqft,98115,965000
sqft,1.5,1580,2,6120,sqft,98115,1300000
sqft,1,1270,1,5640,sqft,98108,915000
sqft,2.5,2320,4,9500,sqft,98108,1001000
sqft,1,910,3,0.35,acre,98106,650000
sqft,2,878,2,,,98121,675000
sqft,1,1915,2,5077,sqft,98133,725000
sqft,2,2462,3,3200,sqft,98119,1150000
sqft,3.5,2640,4,3062,sqft,98103,1750000
sqft,2.5,1670,3,1304,sqft,98144,875000
sqft,1,1090,3,7258,sqft,98133,630000
sqft,3.5,1621,3,987,sqft,98109,1085000
sqft,2,2591,4,6900,sqft,98125,800000
sqft,2,1400,2,,,98119,1295000
sqft,2.5,840,2,897,sqft,98118,612500
sqft,3.5,2910,4,3491,sqft,98115,2325000
sqft,1,1410,2,5000,sqft,98118,590000
sqft,1,770,2,4672,sqft,98106,560000
sqft,2,1900,3,6957,sqft,98199,1299000
sqft,2,2760,3,5195,sqft,98119,1256000
sqft,2,1290,3,2700,sqft,98144,925000
sqft,2,1111,3,,,98112,849000
sqft,2,850,2,6120,sqft,98115,889900
sqft,1.5,900,2,900,sqft,98105,568000
sqft,5,2667,6,4000,sqft,98122,900000
sqft,1.5,1320,2,6080,sqft,98116,810000
sqft,2,1370,2,,,98117,500000
sqft,1,1140,2,4920,sqft,98106,528000
sqft,1,1380,3,4080,sqft,98117,890000
sqft,2,1422,3,1405,sqft,98117,780000
sqft,2,1065,2,,,98126,430000
sqft,3,2943,2,3.06,acre,98105,1650000
sqft,2,1250,3,6000,sqft,98106,625000
sqft,2,2390,3,0.25,acre,98133,1150000
sqft,1,569,1,,,98102,400000
sqft,2,1680,3,5000,sqft,98199,1087500
sqft,1,683,1,,,98101,679000
sqft,1,627,1,,,98121,475000
sqft,2,840,2,1452,sqft,98116,645000
sqft,1.5,1880,3,6215,sqft,98125,749000
sqft,2,881,2,6000,sqft,98103,550000
sqft,1,850,2,4000,sqft,98144,778000
sqft,1,525,1,,,98103,375000
sqft,1.5,2170,3,3000,sqft,98109,1250000
sqft,1,1110,2,5413,sqft,98125,820000
sqft,3.5,3930,4,4000,sqft,98102,2925000
sqft,1,1047,2,,,98102,762500
sqft,1,653,1,,,98122,475000
sqft,1.5,1710,3,1250,sqft,98122,1000000
sqft,3,2120,5,1959,sqft,98126,750000
sqft,4,2360,3,5080,sqft,98115,1325000
sqft,4,2250,4,6600,sqft,98106,1070000
sqft,2,2320,4,6960,sqft,98115,1150000
sqft,3.5,3490,4,0.27,acre,98115,1480000
sqft,2.5,2500,4,4046,sqft,98117,1295000
sqft,1,792,2,,,98102,520000
sqft,2.5,1490,2,7547,sqft,98115,855000
sqft,2.5,1700,3,2125,sqft,98102,1475000
sqft,2,1261,2,978,sqft,98125,625000
sqft,2,2440,4,2168,sqft,98122,1060000
sqft,2.5,1420,3,2929,sqft,98108,750000
sqft,2,1380,3,815,sqft,98122,740000
sqft,2,1111,3,719,sqft,98112,849000
sqft,1.5,1920,3,6300,sqft,98133,865000
sqft,1.5,1220,3,2242,sqft,98144,660000
sqft,3,4010,3,8207,sqft,98112,3050000
sqft,2,1170,2,588,sqft,98144,644999
sqft,2.5,1600,3,695,sqft,98144,699900
sqft,1,760,1,,,98119,309000
sqft,1.5,1290,2,1748,sqft,98144,762500
sqft,1,980,2,3200,sqft,98112,800000
sqft,1.5,1022,2,,,98144,660000
sqft,1.5,1260,2,3858,sqft,98118,715000
sqft,2,2660,5,6400,sqft,98136,1125000
sqft,1,644,1,,,98122,350000
sqft,1,664,1,,,98102,305000
sqft,1,468,1,,,98109,275000
sqft,3,2680,4,6402,sqft,98115,2100000
sqft,2,1640,4,4400,sqft,98136,730000
sqft,2,2000,3,5632,sqft,98115,925000
sqft,2,1523,2,864,sqft,98125,639950
sqft,3,2430,4,9500,sqft,98146,520000
sqft,2,1199,2,1.06,acre,98117,375000
sqft,3,2160,4,6298,sqft,98125,980000
sqft,2.5,1354,4,,,98118,485000
sqft,1,738,1,,,98101,490000
sqft,2,1425,2,0.42,acre,98104,899000
sqft,7,4570,6,0.29,acre,98105,1950000
sqft,1.5,940,2,1740,sqft,98144,640000
sqft,3.5,1710,3,1728,sqft,98126,699000
sqft,2.5,1430,3,1102,sqft,98103,855000
sqft,3.5,1500,3,1274,sqft,98118,598800
sqft,1.5,1376,3,1169,sqft,98107,780000
sqft,3.5,4002,4,5000,sqft,98116,2100000
sqft,1,1600,4,0.27,acre,98115,652000
sqft,1,807,1,,,98122,380000
sqft,3,2055,5,4000,sqft,98122,1100000
sqft,1,647,1,7197,sqft,98102,377500
sqft,2,940,2,585,sqft,98115,579000
sqft,1.5,1150,2,1262,sqft,98125,590000
sqft,2.5,1459,2,887,sqft,98103,665000
sqft,2.5,1910,4,3000,sqft,98103,1625000
sqft,3,2297,4,7200,sqft,98178,783000
sqft,2.5,2320,4,5001,sqft,98118,820000
sqft,3.5,2387,5,5445,sqft,98133,1125000
sqft,3.5,3270,5,4080,sqft,98115,2000000
sqft,2.5,1530,3,1482,sqft,98126,899999
sqft,1,1150,2,6340,sqft,98136,845714
sqft,2,1237,3,4760,sqft,98106,747250
sqft,2.5,1760,3,1143,sqft,98136,850000
sqft,1,808,1,,,98164,560000
sqft,2,2720,2,4958,sqft,98144,720000
sqft,2,1345,4,2808,sqft,98103,962000
sqft,3,2600,4,6840,sqft,98115,1750000
sqft,2,2209,3,2734,sqft,98115,715000
sqft,2.5,950,2,1748,sqft,98107,695000
sqft,2.5,1530,4,3060,sqft,98146,675000
sqft,1,830,2,6180,sqft,98103,942000
sqft,2,1590,3,910,sqft,98117,910000
sqft,3,1524,3,513,sqft,98122,850000
sqft,3,1920,4,7455,sqft,98125,2095000
sqft,2,2660,4,5243,sqft,98115,1357000
sqft,2,2284,3,6395,sqft,98136,850000
sqft,2.5,1604,3,1040,sqft,98144,760000
sqft,4,2555,4,4000,sqft,98105,1500000
sqft,1.5,2460,3,0.35,acre,98115,1150000
sqft,2.5,2793,3,1734,sqft,98109,1732000
sqft,1.5,1540,2,4800,sqft,98106,751000
sqft,1,950,3,7320,sqft,98106,589000
sqft,1.5,1720,3,0.33,acre,98168,426000
sqft,2,1470,2,7443,sqft,98125,707000
sqft,2.5,3500,5,0.33,acre,98146,875000
sqft,1.5,984,2,,,98116,499999
sqft,2.5,1570,3,1362,sqft,98103,901000
sqft,1,700,1,,,98122,647201
sqft,2,1188,2,0.43,acre,98119,450000
sqft,2.5,2570,3,0.28,acre,98118,1175000
sqft,2.5,1631,3,1485,sqft,98103,1049950
sqft,2,1596,3,0.64,acre,98105,505000
sqft,2.5,820,2,1293,sqft,98126,525000
sqft,2.5,1610,3,1500,sqft,98119,875000
sqft,1,812,1,,,98107,480000
sqft,2,1425,3,729,sqft,98117,759999
sqft,2.5,1086,2,2068,sqft,98115,884950
sqft,2.5,1043,2,990,sqft,98117,690000
sqft,2,1440,3,4239,sqft,98119,1195000
sqft,1,590,1,1549,sqft,98106,435000
sqft,2,1152,2,,,98121,1325000
sqft,2,2040,4,4178,sqft,98112,1175000
sqft,2,2092,3,,,98102,2000000
sqft,1,1780,3,5000,sqft,98144,975000
sqft,2.5,3560,3,5000,sqft,98116,1575000
sqft,2.5,1475,2,3753,sqft,98103,945000
sqft,2.5,1890,4,3000,sqft,98178,668000
sqft,2,2790,4,6250,sqft,98126,930000
sqft,3.5,2600,4,3900,sqft,98122,2225000
sqft,2,1060,3,8910,sqft,98106,575000
sqft,1,2180,3,0.25,acre,98125,720000
sqft,2,1761,2,,,98115,665000
sqft,2,1379,3,3353,sqft,98125,729950
sqft,1.5,2550,3,4080,sqft,98105,958748
sqft,3.5,3815,4,3960,sqft,98116,2895000
sqft,2,2634,4,7475,sqft,98115,1500000
sqft,1,540,1,0.35,acre,98104,335000
sqft,3.5,3064,3,,,98121,2450000
sqft,1,860,2,4800,sqft,98108,565000
sqft,2.5,1690,3,7200,sqft,98125,807500
sqft,3.5,1800,3,1545,sqft,98103,750000
sqft,2,1071,2,,,98119,605000
sqft,1,807,2,,,98103,525000
sqft,2.5,1350,3,662,sqft,98119,899000
sqft,2,2900,4,4700,sqft,98144,1275000
sqft,3,1880,3,2200,sqft,98107,999950
sqft,1,677,1,0.68,acre,98115,270000
sqft,1,703,1,,,98103,498000
sqft,1,527,1,,,98122,399000
sqft,1,820,1,5100,sqft,98118,530000
sqft,2.5,1360,3,1248,sqft,98103,700000
sqft,3.5,2600,4,4000,sqft,98117,1950000
sqft,3.5,2852,4,3178,sqft,98102,1715000
sqft,3.5,1370,3,1125,sqft,98133,619000
sqft,1.5,2000,3,4800,sqft,98112,1400000
sqft,2,1096,3,,,98117,849950
sqft,3.5,3380,3,7531,sqft,98177,1599500
sqft,2.5,1616,3,,,98116,990000
sqft,3,1620,3,5760,sqft,98136,1058000
sqft,2,970,2,,,98102,634400
sqft,2,1009,1,,,98116,525000
sqft,2,2270,3,7920,sqft,98122,1550000
sqft,1,1200,3,9180,sqft,98168,500000
sqft,2,1225,2,960,sqft,98115,725000
sqft,2,1081,2,,,98144,620000
sqft,2,1380,3,8580,sqft,98125,775000
sqft,1,1200,2,6200,sqft,98103,1025100
sqft,2,1620,2,3090,sqft,98103,835000
sqft,2,2950,3,5350,sqft,98199,1500000
sqft,1,513,1,,,98121,315000
sqft,2,2100,4,3600,sqft,98116,1225000
sqft,2,1705,3,7680,sqft,98177,910000
sqft,4.5,3610,4,4500,sqft,98112,2800000
sqft,3.5,1800,3,1563,sqft,98103,1050000
sqft,1,2130,3,3710,sqft,98117,850000
sqft,2,1367,2,1.98,acre,98121,1350000
sqft,2.5,1730,3,2757,sqft,98125,800000
sqft,3.5,4194,4,5400,sqft,98112,3500000
sqft,9,3780,9,5020,sqft,98119,1210000
sqft,2,1778,2,,,98112,1900000
sqft,3,1410,3,826,sqft,98107,865000
sqft,2,1088,2,,,98133,475000
sqft,1,1340,4,3825,sqft,98117,875000
sqft,1,2380,5,4240,sqft,98136,539000
sqft,4.5,2140,3,3314,sqft,98109,1835000
sqft,2,2080,3,5650,sqft,98178,738000
sqft,1,1410,2,6180,sqft,98118,799000
sqft,1,571,1,0.58,acre,98121,331000
sqft,2.5,2340,4,9670,sqft,98106,870000
sqft,4.5,5210,5,6772,sqft,98122,3320000
sqft,1,733,1,,,98121,545000
sqft,1.5,1060,2,5137,sqft,98118,530000
sqft,2.5,996,2,2450,sqft,98122,799000
sqft,2,1850,4,3570,sqft,98105,1200000
sqft,1,690,1,4000,sqft,98117,560000
sqft,2,2260,4,3750,sqft,98107,1330000
sqft,3.5,3190,4,4305,sqft,98107,2130000
sqft,2.5,1846,3,0.24,acre,98199,1060000
sqft,2,1700,3,3220,sqft,98118,999999
sqft,2,2240,4,6240,sqft,98126,795000
sqft,2,1660,4,2280,sqft,98103,1127500
sqft,3,1780,2,2240,sqft,98133,720000
sqft,3.5,2270,4,2500,sqft,98146,710000
sqft,1,603,1,,,98121,432000
sqft,3.5,2024,3,1694,sqft,98107,1200000
sqft,2.5,1103,2,5500,sqft,98107,780000
sqft,1,1460,3,5856,sqft,98115,880000
sqft,7,4260,6,3600,sqft,98119,2300000
sqft,2.5,1660,3,2700,sqft,98122,816750
sqft,1.5,1350,3,1193,sqft,98107,750000
sqft,3,2949,4,5580,sqft,98103,1610000
sqft,2.5,1718,3,1268,sqft,98117,900000
sqft,1,1370,2,6084,sqft,98119,1000000
sqft,2.5,1822,4,1500,sqft,98199,1033000
sqft,1,800,2,560,sqft,98103,690000
sqft,1,718,1,,,98119,459000
sqft,2,909,2,,,98103,420000
sqft,1,903,2,4.06,acre,98146,312500
sqft,2,1297,2,,,98109,880000
sqft,2,2140,3,9290,sqft,98133,925000
sqft,5,2970,4,7961,sqft,98125,1450000
sqft,2,900,2,8000,sqft,98122,590000
sqft,2,2600,2,3600,sqft,98122,750000
sqft,1,1180,2,4386,sqft,98106,419000
sqft,1,564,1,100,acre,98103,602000
sqft,2,1700,4,8001,sqft,98125,891000
sqft,3,1524,3,513,sqft,98122,875000
sqft,3,1410,3,1316,sqft,98103,1200000
sqft,1,831,1,0.7,acre,98136,480000
sqft,3,3060,5,7006,sqft,98118,889000
sqft,2,1213,2,,,98117,422000
sqft,2,2352,4,4000,sqft,98107,1295000
sqft,1,534,1,,,98178,223000
sqft,1,724,2,,,98102,530000
sqft,3.5,2304,4,4503,sqft,98103,1550000
sqft,1,1450,3,7200,sqft,98115,1125000
sqft,1,980,2,0.32,acre,98168,475000
sqft,1.5,1550,2,7154,sqft,98112,1550000
sqft,1,704,1,500,sqft,98144,645000
sqft,1.5,1425,1,2.23,acre,98102,2200000
sqft,1,794,1,,,98101,516000
sqft,3.5,4060,5,3400,sqft,98116,2888000
sqft,2,979,2,0.32,acre,98199,470000
sqft,2,1830,4,6000,sqft,98136,950000
sqft,1,1260,2,7440,sqft,98133,626000
sqft,1,1027,2,1.83,acre,98115,300000
sqft,2,3210,5,7578,sqft,98115,688000
sqft,1,968,2,,,98115,399950
sqft,2,1049,3,,,98112,900000
sqft,1.5,1054,2,,,98109,709000
sqft,2,1586,2,,,98101,1460000
sqft,2,1760,4,4700,sqft,98115,999950
sqft,1,860,2,4000,sqft,98178,480000
sqft,2.5,1560,4,2400,sqft,98144,1110000
sqft,3,3110,4,5715,sqft,98119,1500000
sqft,2,1440,3,6120,sqft,98115,935000
sqft,2,1500,3,5750,sqft,98136,770000
sqft,1.5,2160,3,5080,sqft,98117,915000
sqft,5.5,3100,4,9450,sqft,98125,1375000
sqft,1,522,1,5000,sqft,98107,325000
sqft,2,1560,3,1170,sqft,98117,920000
sqft,3,3400,3,8000,sqft,98136,1150000
sqft,2,1761,2,9.2,acre,98115,665000
sqft,1.5,1076,2,1060,sqft,98125,549000
sqft,2,1217,2,1331,sqft,98199,787950
sqft,3.5,1450,3,1467,sqft,98126,670000
sqft,1,1000,2,4400,sqft,98112,750000
sqft,2.5,1124,2,1354,sqft,98115,799950
sqft,3.5,3070,4,5016,sqft,98144,1900000
sqft,1,480,1,560,sqft,98109,275000
sqft,2,1860,3,3400,sqft,98105,1165000
sqft,1,740,2,6300,sqft,98126,500000
sqft,2,1440,3,9065,sqft,98133,830000
sqft,1,758,1,,,98103,469000
sqft,1,1340,3,6223,sqft,98117,765000
sqft,3,1700,3,6882,sqft,98136,1275000
sqft,3.5,2950,4,5000,sqft,98105,1800000
sqft,1,616,1,,,98102,374000
sqft,2.5,4240,3,9487,sqft,98116,2725000
sqft,3.5,3495,4,4080,sqft,98144,2000000
sqft,3,2560,3,2500,sqft,98112,1300000
sqft,3,2040,3,4000,sqft,98117,1000000
sqft,1,890,3,5200,sqft,98126,575000
sqft,1.5,1730,3,5000,sqft,98115,870000
sqft,1,816,1,,,98109,560000
sqft,2,2400,4,8160,sqft,98177,900000
sqft,2.5,1270,3,924,sqft,98144,675000
sqft,3,1830,4,4000,sqft,98107,1352000
sqft,2.5,2470,3,4452,sqft,98126,800000
sqft,4,2300,4,5700,sqft,98115,1210000
sqft,2.5,1600,4,2336,sqft,98105,699000
sqft,1,510,1,,,98104,308000
sqft,2,1387,2,,,98116,649000
sqft,2.5,2230,3,7944,sqft,98178,555000
sqft,1,956,1,5480,sqft,98104,870000
sqft,3,1872,3,2475,sqft,98107,1050000
sqft,5,2030,4,5124,sqft,98106,700000
sqft,2,1980,4,2242,sqft,98136,785000
sqft,3,1180,3,1003,sqft,98116,729000
sqft,2.5,2630,4,4500,sqft,98122,1340000
sqft,2,2010,4,4275,sqft,98115,1100000
sqft,3.5,3487,4,9500,sqft,98136,2010000
sqft,2,2570,4,3440,sqft,98112,850000
sqft,2,1440,2,8100,sqft,98168,390000
sqft,2,1131,2,0.43,acre,98103,470000
sqft,1,1440,2,7531,sqft,98133,675000
sqft,3.5,2010,3,2208,sqft,98117,1111111
sqft,3,1073,2,2.71,acre,98133,429900
sqft,3.5,3300,4,6840,sqft,98125,1575000
sqft,2,3040,4,5272,sqft,98199,1665500
sqft,2.5,2500,4,8760,sqft,98146,577000
sqft,1,1810,4,5073,sqft,98126,655500
sqft,2,1878,2,,,98119,1171600
sqft,2,1411,3,0.35,acre,98104,699000
sqft,1,3960,3,0.25,acre,98118,722500
sqft,1,1000,3,9856,sqft,98136,750000
sqft,2,2300,5,3315,sqft,98105,1266000
sqft,2.5,890,2,,,98146,510000
sqft,3,2820,5,7707,sqft,98117,1550000
sqft,1,1620,3,3000,sqft,98118,600000
sqft,2,1470,3,1232,sqft,98136,875000
sqft,2.5,1088,2,0.77,acre,98133,475000
sqft,2,2160,5,7620,sqft,98106,795000
sqft,3.5,3105,3,2557,sqft,98112,2250000
sqft,2,1200,2,1247,sqft,98122,699950
sqft,2,1240,2,583,sqft,98117,710000
sqft,2.5,1550,3,1131,sqft,98122,1065000
sqft,4,2300,7,2920,sqft,98122,1095000
sqft,3,2466,4,6030,sqft,98115,1299000
sqft,2,1817,2,1156,sqft,98102,2100000
sqft,3,1500,4,3360,sqft,98122,1155000
sqft,2,2380,4,4500,sqft,98144,525000
sqft,2,1524,2,6250,sqft,98108,710000
sqft,2.5,1370,3,982,sqft,98117,699500
sqft,2,1449,3,939,sqft,98107,720000
sqft,2,1140,2,1045,sqft,98103,850000
sqft,2.5,1010,3,570,sqft,98118,615000
sqft,5,3014,9,7908,sqft,98178,835000
sqft,3.5,1450,3,1081,sqft,98118,580000
sqft,2,1248,2,912,sqft,98122,890955
sqft,2,2600,4,4224,sqft,98117,1098500
sqft,2,1328,3,839,sqft,98103,929950
sqft,1,614,1,0.37,acre,98109,369950
sqft,3,2481,4,8297,sqft,98115,999000
sqft,1,1420,4,5240,sqft,98178,445000
sqft,3,2040,4,5000,sqft,98117,1410000
sqft,3,1390,3,5000,sqft,98126,1095000
sqft,3,920,2,675,sqft,98107,690000
sqft,3.5,1835,4,1884,sqft,98103,1299950
sqft,2,1840,4,3760,sqft,98103,825000
sqft,2.5,3020,3,7500,sqft,98177,1450000
sqft,2,2520,3,4000,sqft,98115,1050000
sqft,5,2240,4,5624,sqft,98108,965000
sqft,3.5,1644,3,,,98112,820000
sqft,2.5,1880,3,1282,sqft,98106,725000
sqft,2,995,2,5000,sqft,98144,850000
sqft,1,568,1,,,98104,330000
sqft,3,1226,2,,,98144,589990
sqft,1,730,2,6200,sqft,98105,25000000
sqft,2,1500,4,4471,sqft,98133,947000
sqft,2,2080,3,6769,sqft,98108,800000
sqft,3,1425,3,1199,sqft,98177,819950
sqft,2.5,3840,4,1.2,acre,98177,2195000
sqft,3,2074,4,1999,sqft,98126,812500
sqft,3,3556,5,6120,sqft,98115,2250000
sqft,1,1100,1,747,sqft,98107,745000
sqft,1,730,2,5150,sqft,98106,545000
sqft,2,1170,4,9216,sqft,98178,390000
sqft,3,2240,4,8691,sqft,98118,625000
sqft,2,1750,4,6380,sqft,98115,855000
sqft,2,1695,2,,,98126,1150000
sqft,3,2480,5,5100,sqft,98117,1135000
sqft,2.5,1420,4,1800,sqft,98103,760000
sqft,1,990,2,3844,sqft,98133,474000
sqft,1,1520,2,4250,sqft,98117,820000
sqft,2,2100,5,6000,sqft,98108,599950
sqft,3,1740,3,5000,sqft,98136,1010000
sqft,2,1760,2,6150,sqft,98108,750000
sqft,2,1021,2,,,98101,981250
sqft,3.5,3018,4,3600,sqft,98103,1795000
sqft,1.5,1024,2,,,98115,495000
sqft,1,945,1,,,98109,385000
sqft,1,2380,2,6061,sqft,98108,640000
sqft,5,3810,5,0.32,acre,98177,1180000
sqft,2.5,1048,2,834,sqft,98112,899000
sqft,1.5,1610,3,4000,sqft,98122,1106000
sqft,1,701,1,,,98115,315000
sqft,2.5,2213,4,3367,sqft,98107,1075000
sqft,2,1071,2,,,98119,719000
sqft,1,850,2,3056,sqft,98107,813000
sqft,3,1280,3,2600,sqft,98103,900000
sqft,1,980,3,4200,sqft,98119,700000
sqft,3.5,3840,4,0.32,acre,98118,1250000
sqft,2,1006,2,3.32,acre,98112,650000
sqft,2,1450,4,1000,sqft,98109,1185000
sqft,2,2140,4,4947,sqft,98136,960000
sqft,3,2480,4,4000,sqft,98103,1605000
sqft,2,2420,5,4080,sqft,98117,960000
sqft,4.5,1760,3,1008,sqft,98109,1440000
sqft,2,1170,2,588,sqft,98144,624999
sqft,2,1730,3,8421,sqft,98125,910000
sqft,1,376,1,0.23,acre,98199,1000000
sqft,1,636,1,,,98102,450000
sqft,2,1940,3,4850,sqft,98107,895000
sqft,2.5,3400,4,6000,sqft,98112,2100000
sqft,2,1360,3,7680,sqft,98125,830000
sqft,2,875,2,901,sqft,98116,656500
sqft,2,2230,6,5300,sqft,98118,700000
sqft,2,4190,5,8500,sqft,98119,2300000
sqft,2.5,2220,3,3060,sqft,98117,1167500
sqft,1,830,2,1980,sqft,98117,450000
sqft,2.5,2090,3,5000,sqft,98108,820000
sqft,1,1210,3,6000,sqft,98119,795000
sqft,1,691,2,1,acre,98102,998000
sqft,2.5,1820,3,1,acre,98118,690000
sqft,2.5,3105,4,7875,sqft,98115,1040000
sqft,2,1680,4,7840,sqft,98178,517500
sqft,2,2495,3,4000,sqft,98105,1250000
sqft,3,2450,5,4980,sqft,98144,1270000
sqft,2,2787,4,6011,sqft,98122,1207000
sqft,3.5,3310,5,2943,sqft,98102,1637500
sqft,2,1699,2,,,98109,640000
sqft,4,3180,5,3400,sqft,98105,2100000
sqft,2.5,3350,5,8317,sqft,98126,1275000
sqft,2,1365,2,770,sqft,98122,799000
sqft,3,1660,3,7650,sqft,98117,1200000
sqft,1.5,1880,3,6194,sqft,98118,489000
sqft,1,580,1,4657,sqft,98102,395000
sqft,2,1270,3,0.26,acre,98146,590000
sqft,1,860,3,5400,sqft,98125,699000
sqft,1,580,1,,,98122,475000
sqft,3.5,1840,3,1312,sqft,98117,1025000
sqft,1,615,1,,,98199,315000
sqft,3,2140,5,7244,sqft,98125,850000
sqft,2,1437,2,1085,sqft,98122,969950
sqft,1.5,1390,2,746,sqft,98107,759950
sqft,1.5,870,2,938,sqft,98115,700000
sqft,4.5,2840,5,3200,sqft,98112,500000
sqft,2,2260,3,3880,sqft,98107,877000
sqft,2,886,2,1037,sqft,98116,660000
sqft,1,505,1,,,98102,325000
sqft,1,1048,2,0.66,acre,98121,760000
sqft,2,1800,4,7455,sqft,98117,1100000
sqft,2,1390,2,8509,sqft,98116,954500
sqft,2.5,2600,3,8023,sqft,98136,1475000
sqft,2,2640,4,8385,sqft,98168,780000
sqft,1.5,1020,2,1249,sqft,98102,765000
sqft,3,2630,3,3755,sqft,98115,1130000
sqft,3.5,2910,4,4000,sqft,98144,1865000
sqft,2,1580,3,5040,sqft,98116,1000000
sqft,1,885,2,3.54,acre,98105,389000
sqft,2,2100,3,5750,sqft,98116,1325000
sqft,2,2010,4,9612,sqft,98105,1250000
sqft,2,1480,4,6820,sqft,98126,830000
sqft,2,1560,3,2400,sqft,98117,1180000
sqft,1,889,1,,,98121,648888
sqft,1,664,1,,,98102,322000
sqft,2,804,2,5000,sqft,98107,465600
sqft,2,2080,4,3850,sqft,98105,975000
sqft,1,910,2,2000,sqft,98117,800000
sqft,2.5,1620,3,7500,sqft,98106,875100
sqft,3.5,1970,3,1125,sqft,98105,868500
sqft,2,1720,3,6720,sqft,98116,869000
sqft,2,1545,4,4963,sqft,98103,1253000
sqft,2.5,1710,3,4814,sqft,98115,1190000
sqft,2,1141,1,0.41,acre,98122,699950
sqft,3,1276,2,1187,sqft,98106,520000
sqft,1.5,1978,2,5000,sqft,98118,858000
sqft,1,1060,2,8908,sqft,98125,700000
sqft,3.5,3220,5,4640,sqft,98103,820000
sqft,2,1170,4,9594,sqft,98168,530000
sqft,2,1770,3,5100,sqft,98118,660000
sqft,2,1420,2,1232,sqft,98107,690000
sqft,2.5,2980,4,3618,sqft,98125,1445000
sqft,1.5,1630,4,7182,sqft,98133,734950
sqft,1,743,1,,,98102,522250
sqft,1,680,2,8795,sqft,98125,625000
sqft,1,900,2,6030,sqft,98168,409050
sqft,1,635,1,,,98121,380000
sqft,3.5,3400,5,4560,sqft,98109,3340000
sqft,2,1300,3,2250,sqft,98103,735000
sqft,2,1094,2,5250,sqft,98122,675000
sqft,2.5,1763,3,2498,sqft,98117,1125000
sqft,1,940,2,3300,sqft,98118,550000
sqft,2.5,1820,3,1595,sqft,98103,990000
sqft,1,650,1,,,98121,468000
sqft,2,1200,2,1247,sqft,98122,705000
sqft,2,1939,3,0.31,acre,98109,1070000
sqft,2,1780,4,5000,sqft,98117,1181500
sqft,2,2370,3,4400,sqft,98119,1180000
sqft,2.5,1411,2,1201,sqft,98117,830000
sqft,1,512,2,,,98103,312000
sqft,2.5,2360,4,5725,sqft,98199,1750000
sqft,2,2630,3,9702,sqft,98117,1290000
sqft,3,2700,5,5670,sqft,98119,1025000
sqft,1,605,1,,,98103,370000
sqft,1,767,2,,,98136,349950
sqft,1,1015,2,,,98102,650000
sqft,2,1245,2,,,98168,330000
sqft,1,513,1,0.66,acre,98121,315000
sqft,1,780,1,8960,sqft,98106,500000
sqft,3,2050,4,4362,sqft,98136,920000
sqft,2,1060,2,,,98117,650000
sqft,2,950,2,1308,sqft,98117,705000
sqft,1.5,1870,3,9975,sqft,98168,500000
sqft,2.5,1060,3,1124,sqft,98117,765000
sqft,2.5,1860,3,1063,sqft,98103,1025000
sqft,1.5,1420,3,6009,sqft,98117,980000
sqft,1,1390,3,3090,sqft,98144,850000
sqft,2,1096,3,1,acre,98117,874500
sqft,1,1100,3,4120,sqft,98106,468000
sqft,1,1010,3,7100,sqft,98178,475000
sqft,3.5,1730,3,,,98117,975000
sqft,1.5,1480,2,6000,sqft,98118,948800
sqft,2,1890,3,6808,sqft,98106,700000
sqft,2,2500,4,4414,sqft,98144,972500
sqft,3.5,2840,4,4000,sqft,98108,925000
sqft,2,1608,3,1568,sqft,98103,732000
sqft,2.5,1701,2,1827,sqft,98112,1354000
sqft,1,376,1,0.23,acre,98199,1000000
sqft,2,1250,1,5183,sqft,98116,160000
sqft,2.5,1790,3,1600,sqft,98117,1050000
sqft,2,1670,4,7260,sqft,98106,650000
sqft,2,1640,3,5100,sqft,98136,900000
sqft,4.5,3228,4,3600,sqft,98119,2050000
sqft,2,1720,4,4242,sqft,98118,705000
sqft,2,2060,4,8762,sqft,98168,575000
sqft,2,1840,3,3432,sqft,98115,865000
sqft,3.5,3180,4,3375,sqft,98122,2485000
sqft,3,1760,3,8160,sqft,98125,670000
sqft,1,1350,2,6600,sqft,98115,799950
sqft,2,1403,2,,,98125,480000
sqft,2,1740,3,3519,sqft,98199,1310000
sqft,2,1490,3,1050,sqft,98107,900000
sqft,3,2380,3,6172,sqft,98199,1385000
sqft,1,815,1,0.48,acre,98121,465000
sqft,3.5,2900,4,7470,sqft,98125,1337000
sqft,3,2370,5,5292,sqft,98118,800000
sqft,1,2470,4,0.31,acre,98178,770000
sqft,1,1740,4,6000,sqft,98119,925000
sqft,1,690,1,,,98133,290000
sqft,3.5,2610,5,3623,sqft,98118,915000
sqft,3.5,2015,4,1886,sqft,98116,1240000
sqft,3.5,3880,5,6000,sqft,98112,2975000
sqft,2,2280,4,0.25,acre,98168,625000
sqft,3,2570,4,4480,sqft,98105,1555000
sqft,2,2740,5,2850,sqft,98103,1175000
sqft,2,1469,2,1762,sqft,98115,900000
sqft,2.5,2860,3,4500,sqft,98126,1630000
sqft,2,1479,2,,,98116,640000
sqft,4.5,3370,5,5100,sqft,98117,1975000
sqft,1,1300,3,3520,sqft,98109,1000000
sqft,1,780,2,8184,sqft,98118,675000
sqft,6,6990,5,4703,sqft,98103,1880000
sqft,2.5,867,2,1753,sqft,98115,679000
sqft,2,1217,2,,,98199,787950
sqft,2.5,2120,3,5120,sqft,98122,1365000
sqft,2,1042,2,,,98101,639000
sqft,2,1163,2,583,sqft,98117,648800
sqft,3.5,1580,3,,,98144,760000
sqft,2,1740,3,8309,sqft,98115,1070000
sqft,3,1810,4,5850,sqft,98116,1118000
sqft,1,1186,1,,,98109,665000
sqft,1,1177,3,6150,sqft,98126,650000
sqft,1.5,770,2,850,sqft,98116,550000
sqft,2,1870,4,5280,sqft,98199,1040000
sqft,1,696,1,4.27,acre,98115,305000
sqft,2.5,1380,3,1464,sqft,98126,523750
sqft,1,1650,2,6650,sqft,98106,630000
sqft,2,1640,3,5145,sqft,98106,700000
sqft,3.5,1360,3,1248,sqft,98103,700000
sqft,1,970,3,8160,sqft,98177,625000
sqft,1,490,1,,,98104,250000
sqft,2,2180,5,8100,sqft,98122,950000
sqft,3.5,2970,4,3751,sqft,98103,2080000
sqft,2,2340,4,4560,sqft,98103,1800000
sqft,3,1420,3,6037,sqft,98115,950000
sqft,2.5,1520,3,2814,sqft,98108,818000
sqft,2,1242,2,742,sqft,98122,769950
sqft,3,3410,4,7389,sqft,98144,1850000
sqft,1,1150,4,5665,sqft,98118,575000
sqft,1,691,1,,,98115,321000
sqft,2,1170,3,979,sqft,98144,740000
sqft,2,1360,3,8100,sqft,98125,850000
sqft,2,1200,2,1948,sqft,98125,620000
sqft,2,2680,4,6035,sqft,98177,950000
sqft,1,670,2,6300,sqft,98126,510000
sqft,1,545,1,,,98122,350000
sqft,3.5,1240,3,1164,sqft,98116,690000
sqft,1,700,1,,,98109,300000
sqft,3,2940,4,4000,sqft,98126,1250000
sqft,2,1187,2,1093,sqft,98115,750000
sqft,2,1488,4,3920,sqft,98115,750000
sqft,1,970,3,0.28,acre,98146,515000
sqft,2.5,1681,3,3.97,acre,98126,610000
sqft,2,1144,2,4850,sqft,98107,769950
sqft,3.5,2860,4,5880,sqft,98199,1657500
sqft,1,773,1,,,98102,425000
sqft,2.5,3100,3,4120,sqft,98112,2610000
sqft,3.5,2400,4,3060,sqft,98103,1750000
sqft,2.5,2920,3,9918,sqft,98133,985000
sqft,1,876,2,,,98116,550000
sqft,3,3450,5,3920,sqft,98109,1981000
sqft,2.5,1330,3,936,sqft,98107,819999
sqft,3.5,2440,4,7200,sqft,98125,1185000
sqft,3.5,1580,3,1312,sqft,98144,950000
sqft,2,2299,3,6022,sqft,98199,1435000
sqft,1,594,1,,,98103,360000
sqft,1,475,1,,,98121,385000
sqft,3,2360,5,2833,sqft,98103,1240000
sqft,3,1780,4,5005,sqft,98117,1184000
sqft,2,2250,3,8030,sqft,98105,2080000
sqft,2,1073,2,,,98133,429900
sqft,3,1900,5,8160,sqft,98118,895000
sqft,2.5,3090,5,6161,sqft,98105,1600000
sqft,6.5,6240,5,6750,sqft,98115,3122000
sqft,1,573,1,,,98121,310000
sqft,1,770,2,5569,sqft,98115,640000
sqft,1,820,1,0.31,acre,98121,590000
sqft,2,1622,3,1521,sqft,98125,692950
sqft,1,1210,2,2000,sqft,98144,725000
sqft,1.5,1240,3,5000,sqft,98117,850000
sqft,3,2080,3,2486,sqft,98108,762000
sqft,2,875,2,898,sqft,98116,625000
sqft,1,597,1,,,98109,360000
sqft,2,1370,2,,,98168,280000
sqft,2,2425,4,5500,sqft,98105,1295000
sqft,2.5,1760,4,2670,sqft,98144,925000
sqft,2.5,994,2,1388,sqft,98136,670000
sqft,1,515,1,1.31,acre,98109,387000
sqft,3.5,1660,3,1228,sqft,98144,765000
sqft,2,1730,4,7723,sqft,98126,875000
sqft,3,1790,5,0.23,acre,98125,964000
sqft,1,715,1,,,98109,500000
sqft,2,1470,2,1094,sqft,98126,718000
sqft,2,2440,3,2700,sqft,98103,1000000
sqft,2,2880,4,5000,sqft,98103,1485000
sqft,2,1678,3,1191,sqft,98103,1160000
sqft,2,1400,3,1281,sqft,98117,780000
sqft,4.5,5200,6,0.25,acre,98144,3050000
sqft,1,806,1,,,98102,525000
sqft,3,2311,4,6048,sqft,98115,1211000
sqft,1.5,1060,3,6765,sqft,98178,535000
sqft,1,1150,2,7425,sqft,98118,575000
sqft,3,2580,5,4462,sqft,98109,1500000
sqft,3.5,3240,4,5600,sqft,98105,2675000
sqft,3.5,3710,5,5259,sqft,98199,2525000
sqft,3.5,1632,4,0.3,acre,98136,825000
sqft,7,4641,6,5000,sqft,98112,1850000
sqft,3.5,1846,3,2250,sqft,98107,1170000
sqft,2,1353,2,,,98115,770000
sqft,2,1240,3,5400,sqft,98117,705000
sqft,1,1760,2,4264,sqft,98126,550000
sqft,3,1290,2,,,98199,845000
sqft,1.5,1285,1,0.96,acre,98121,1250000
sqft,2.5,3707,4,8100,sqft,98177,2100000
sqft,2,1120,3,5518,sqft,98106,600000
sqft,5,3300,6,6800,sqft,98105,3598950
sqft,2,2160,3,4590,sqft,98115,825000
sqft,1,1440,2,7080,sqft,98146,488000
sqft,2,2567,5,4995,sqft,98144,1550000
sqft,2,1960,3,3300,sqft,98103,865000
sqft,3.5,1657,3,,,98144,847198
sqft,3,2610,5,2550,sqft,98109,1795000
sqft,2,1213,2,,,98116,800000
sqft,1,777,1,4.06,acre,98146,244950
sqft,3.5,1590,3,1314,sqft,98144,899000
sqft,2,1893,2,,,98115,727000
sqft,1.5,1570,3,3880,sqft,98117,975000
sqft,3,2440,4,8556,sqft,98199,1850000
sqft,4,3463,4,4304,sqft,98112,2050000
sqft,4.5,1840,2,1500,sqft,98103,1049000
sqft,2,1554,2,9.2,acre,98115,660000
sqft,1,567,1,,,98144,451000
sqft,1,665,1,,,98109,479425
sqft,1,950,2,4300,sqft,98144,337000
sqft,2,1371,2,5480,sqft,98116,1295000
sqft,2,2040,3,4000,sqft,98144,695000
sqft,2.5,2780,4,8967,sqft,98136,1530000
sqft,3.5,3410,5,5000,sqft,98115,1725000
sqft,1.5,2280,2,4000,sqft,98144,650000
sqft,2,2100,3,7800,sqft,98168,510000
sqft,2,1101,2,1608,sqft,98115,780000
sqft,3.5,1964,4,,,98115,1180000
sqft,1.5,1030,3,6086,sqft,98125,739000
sqft,2,1042,2,1615,sqft,98144,630000
sqft,3.5,1740,3,5000,sqft,98103,1020000
sqft,2,1302,1,,,98121,740000
sqft,2,905,2,,,98121,670000
sqft,1,460,1,8094,sqft,98108,1250000
sqft,2,1540,3,993,sqft,98122,900000
sqft,1,656,1,,,98109,470000
sqft,2,2800,5,6250,sqft,98103,1200000
sqft,3.5,2480,3,5118,sqft,98122,1500000
sqft,3,2170,5,6650,sqft,98168,740000
sqft,4,2447,5,3100,sqft,98117,1500000
sqft,2,2164,3,4000,sqft,98117,800000
sqft,1,740,2,7500,sqft,98126,553500
sqft,2.5,2080,3,5160,sqft,98116,1200000
sqft,1,1800,2,2613,sqft,98105,25000000
sqft,2,1180,2,792,sqft,98106,527000
sqft,2,2020,3,5525,sqft,98117,1625000
sqft,3.5,1150,3,1199,sqft,98103,625000
sqft,2,1220,3,1,acre,98107,824900
sqft,1,810,2,6400,sqft,98146,435000
sqft,1,696,1,0.41,acre,98119,400000
sqft,3.5,2030,3,2500,sqft,98122,1200000
sqft,3.5,3930,5,7650,sqft,98133,1800000
sqft,2,2920,5,7800,sqft,98117,1359000
sqft,2,1460,4,5000,sqft,98116,787500
sqft,1.5,2770,4,3038,sqft,98119,850000
sqft,2,1523,2,,,98121,1425000
sqft,3.5,1690,3,1444,sqft,98103,965000
sqft,1,1170,3,8100,sqft,98133,825000
sqft,2,2370,4,8775,sqft,98125,1125000
sqft,1,712,1,,,98121,620000
sqft,1,976,2,2064,sqft,98106,475000
sqft,2,1042,2,,,98102,610000
sqft,2,1040,2,0.29,acre,98102,685000
sqft,1,722,1,,,98112,452100
sqft,2,1367,2,,,98121,1350000
sqft,1,733,1,,,98102,490000
sqft,1,970,2,,,98116,480000
sqft,2,1711,3,1171,sqft,98125,675500
sqft,1,860,2,8280,sqft,98125,675000
sqft,1,712,1,,,98109,385000
sqft,1,704,1,1,acre,98144,569000
sqft,2.5,1790,3,5761,sqft,98106,590000
sqft,2,2140,3,7200,sqft,98115,918000
sqft,3,2040,4,6348,sqft,98103,940000
sqft,2,1894,3,2340,sqft,98144,697000
sqft,2.5,2750,4,5589,sqft,98112,1680000
sqft,3.5,2900,4,5040,sqft,98107,1600000
sqft,1,670,2,4500,sqft,98106,490000
sqft,2.5,2190,4,4590,sqft,98136,1075000
sqft,1.5,1810,4,9998,sqft,98133,764000
sqft,3,1440,3,5300,sqft,98144,1050000
sqft,2,2170,3,7920,sqft,98178,560000
sqft,2,993,2,0.24,acre,98103,709600
sqft,3.5,1450,3,1020,sqft,98115,835000
sqft,3.5,2336,4,2392,sqft,98115,975000
sqft,3,2320,4,4640,sqft,98112,1472500
sqft,2,1470,3,2226,sqft,98106,600000
sqft,1,672,1,,,98107,485000
sqft,1.5,990,3,4500,sqft,98122,775000
sqft,3,2110,4,7680,sqft,98115,1180000
sqft,1,1670,3,5500,sqft,98136,731000
sqft,2,2060,3,5280,sqft,98126,756110
sqft,1,1920,3,7550,sqft,98146,456000
sqft,2.5,2910,3,5200,sqft,98109,1975000
sqft,1.5,912,2,1,acre,98103,819980
sqft,1,645,1,,,98126,305000
sqft,2.5,1160,2,1332,sqft,98103,850000
sqft,1,2280,3,6900,sqft,98116,1005000
sqft,2.5,1515,3,1563,sqft,98102,905000
sqft,2.5,2600,3,9100,sqft,98146,875000
sqft,2,1000,3,1916,sqft,98122,710000
sqft,1,672,2,0.28,acre,98168,373000
sqft,2,1320,2,,,98119,860000
sqft,2,2190,3,5000,sqft,98106,840000
sqft,2,1517,1,0.32,acre,98105,1350000
sqft,2,2160,4,4000,sqft,98122,1400000
sqft,1,2290,4,2703,sqft,98103,905000
sqft,1,1920,3,9399,sqft,98117,725000
sqft,3,1540,3,1044,sqft,98115,800000
sqft,2,983,2,,,98102,542500
sqft,1.5,1670,2,5500,sqft,98117,1025000
sqft,2,880,2,,,98103,614500
sqft,2,1526,2,,,98109,825000
sqft,1,569,1,,,98104,435000
sqft,3,2700,4,8360,sqft,98199,1100000
sqft,2.5,2282,2,2.75,acre,98168,475000
sqft,3.5,4530,7,5047,sqft,98103,2950000
sqft,1,698,1,,,98121,399999
sqft,2,1590,3,2500,sqft,98117,880000
sqft,1,770,2,,,98116,460000
sqft,2,2840,3,5196,sqft,98199,1400000
sqft,3,2350,6,8800,sqft,98118,850000
sqft,1,630,1,0.35,acre,98104,335000
sqft,1,482,1,,,98109,220000
sqft,3.5,4350,4,7000,sqft,98136,2000000
sqft,3,1730,1,5500,sqft,98118,750000
sqft,1,761,1,,,98109,400000
sqft,2,1684,3,1395,sqft,98117,870000
sqft,2.5,2040,3,3298,sqft,98136,1200000
sqft,2,1057,2,0.28,acre,98105,599900
sqft,2,2256,3,3500,sqft,98119,1370000
sqft,2,1900,4,5350,sqft,98118,670000
sqft,1,760,2,8686,sqft,98115,775000
sqft,1,780,2,6860,sqft,98146,395000
sqft,3,3020,4,3254,sqft,98106,1499000
sqft,2.5,2220,1,2519,sqft,98103,1200000
sqft,2,877,2,,,98115,415000
sqft,2,1530,4,8782,sqft,98118,645000
sqft,1,850,2,6000,sqft,98118,580000
sqft,2.5,1860,3,7992,sqft,98136,1050000
sqft,2,980,2,3000,sqft,98118,849950
sqft,2,1470,3,1348,sqft,98107,933500
sqft,1,980,2,2226,sqft,98144,598000
sqft,2,1003,2,,,98121,875000
sqft,1,996,3,2588,sqft,98125,560000
sqft,1,980,1,3700,sqft,98106,485000
sqft,1.5,2380,4,5500,sqft,98117,937000
sqft,2,2470,2,4800,sqft,98102,1525000
sqft,4,2120,4,6000,sqft,98136,900000
sqft,2.5,840,2,2891,sqft,98115,720000
sqft,5,1910,4,6750,sqft,98177,800000
sqft,1,1380,2,6613,sqft,98106,640000
sqft,5,2390,4,6156,sqft,98117,1500000
sqft,3,2840,4,4550,sqft,98122,1399990
sqft,1,875,2,,,98115,355000
sqft,2.5,1813,3,,,98116,1275000
sqft,3.5,2996,3,5219,sqft,98115,2050000
sqft,3.5,5020,5,5880,sqft,98126,1550000
sqft,2,1498,3,1238,sqft,98122,935000
sqft,1,711,2,5011,sqft,98107,485000
sqft,3,2740,4,5616,sqft,98115,1220000
sqft,2,1328,3,859,sqft,98103,920000
sqft,2,1332,2,1101,sqft,98199,845000
sqft,2,2020,3,6397,sqft,98117,840000
sqft,1,916,1,,,98121,652500
sqft,2,1546,2,1368,sqft,98108,669000
sqft,3,2970,4,7350,sqft,98118,720000
sqft,3.5,1615,3,1,acre,98133,796000
sqft,2,1170,2,588,sqft,98144,625000
sqft,2,1350,3,1056,sqft,98136,722500
sqft,2,1143,2,672,sqft,98107,689900
sqft,2.5,1220,3,1095,sqft,98109,900000
sqft,1.5,2100,4,6532,sqft,98199,875000
sqft,1.5,3200,4,5508,sqft,98117,1290000
sqft,2,1137,1,,,98119,930000
sqft,2,2930,3,0.7,acre,98146,775000
sqft,1,808,2,,,98115,422500
sqft,4,2550,4,5300,sqft,98117,1550000
sqft,2,789,2,0.27,acre,98107,475000
sqft,3,2546,3,3600,sqft,98109,1810000
sqft,1,680,2,8382,sqft,98146,565000
sqft,1.5,1000,2,1000,sqft,98117,640000
sqft,2,1676,3,4828,sqft,98115,840000
sqft,1,985,2,,,98121,790000
sqft,1,750,1,5750,sqft,98116,725000
sqft,1,843,1,,,98125,370000
sqft,2,3220,4,7800,sqft,98177,2000000
sqft,2,2340,2,6802,sqft,98105,1398000
sqft,1,543,1,,,98109,390000
sqft,3,4040,5,4320,sqft,98105,1650000
sqft,1,990,2,4800,sqft,98108,455000
sqft,4,2850,4,4900,sqft,98105,1755000
sqft,2.5,1620,4,6120,sqft,98126,849950
sqft,1,514,1,,,98122,345000
sqft,1,1240,2,4317,sqft,98116,656500
sqft,2.5,1620,3,1377,sqft,98112,935000
sqft,3,1608,3,2039,sqft,98126,625000
sqft,1,1530,4,6250,sqft,98117,740000
sqft,2,2270,4,3600,sqft,98119,1335000
sqft,1,908,1,,,98107,475000
sqft,1,1180,2,1560,sqft,98122,677000
sqft,1,672,1,0.54,acre,98107,464000
sqft,1.5,998,3,904,sqft,98117,610000
sqft,2,2220,4,5775,sqft,98144,740000
sqft,1,700,1,0.41,acre,98119,405000
sqft,6,7636,7,8625,sqft,98103,2225000
sqft,5.5,3530,4,0.44,acre,98118,1550000
sqft,2,1620,3,3840,sqft,98117,675000
sqft,3,1620,4,3380,sqft,98117,950000
sqft,2,1138,2,,,98126,515000
sqft,1,669,1,,,98121,385000
sqft,3.5,2600,4,4101,sqft,98108,1060000
sqft,2,1960,3,6138,sqft,98115,900000
sqft,2,950,2,0.68,acre,98106,395000
sqft,2,1410,2,0.25,acre,98112,880000
sqft,1.5,1022,2,1,acre,98144,729000
sqft,2,2840,4,5750,sqft,98126,1175000
sqft,1,712,1,,,98116,500000
sqft,2,1920,5,4173,sqft,98118,739000
sqft,3.5,3880,3,0.29,acre,98199,2500000
sqft,2,1010,3,6300,sqft,98106,650000
sqft,4,3300,6,3810,sqft,98103,1237500
sqft,1,1070,3,6567,sqft,98178,580000
sqft,1,1270,3,7140,sqft,98117,1050000
sqft,2,1413,3,1,acre,98103,1099970
sqft,2.5,1820,3,3090,sqft,98115,1030000
sqft,2,1415,2,,,98125,469000
sqft,3,2212,3,,,98109,1470000
sqft,3.5,3290,3,7338,sqft,98126,1400000
sqft,2,1391,2,1049,sqft,98115,672500
sqft,2,1372,2,900,sqft,98125,649950
sqft,1.5,960,2,8057,sqft,98199,515000
sqft,2.5,1890,3,1097,sqft,98144,699000
sqft,3,2230,4,6700,sqft,98115,1150000
sqft,1.5,952,1,,,98101,750000
sqft,1,925,2,,,98103,535000
sqft,2,1820,4,5600,sqft,98117,760000
sqft,4.5,3600,8,4360,sqft,98105,1500000
sqft,2.5,1305,2,2044,sqft,98116,770000
sqft,2,1840,3,3880,sqft,98117,959630
sqft,1,782,1,,,98101,519990
sqft,2.5,1040,2,990,sqft,98117,705000
sqft,2,1050,2,,,98103,480000
sqft,2,1019,2,,,98119,813000
sqft,2.5,3198,4,5000,sqft,98103,1712000
sqft,1,557,1,,,98105,222000
sqft,2.5,950,2,1500,sqft,98107,675000
sqft,1,1050,3,4080,sqft,98117,835000
sqft,1,533,1,,,98126,300000
sqft,1,860,3,8054,sqft,98178,425000
sqft,3,1890,4,1097,sqft,98144,699000
sqft,2.5,1138,2,3.97,acre,98126,515000
sqft,2,1830,4,9920,sqft,98146,535000
sqft,1,1980,2,2295,sqft,98144,699950
sqft,5.5,1730,3,1766,sqft,98105,850000
sqft,3,2462,3,2272,sqft,98117,915000
sqft,3.5,1300,3,1994,sqft,98106,583000
sqft,2,1550,4,6000,sqft,98103,1325000
sqft,3.5,1679,3,1,acre,98126,689000
sqft,1,1220,3,5850,sqft,98116,680000
sqft,1.5,1540,3,8505,sqft,98178,535000
sqft,2,1520,3,2185,sqft,98116,916500
sqft,1,1320,3,6250,sqft,98168,529000
sqft,1,1290,2,1875,sqft,98103,640000
sqft,2.5,1870,3,837,sqft,98117,890000
sqft,3.5,1762,3,1494,sqft,98102,1000000
sqft,1,1240,3,4842,sqft,98118,531000
sqft,1.5,1307,3,1362,sqft,98125,650000
sqft,2,1167,2,,,98107,650000
sqft,1.5,1070,2,1569,sqft,98103,849950
sqft,1,1820,2,7500,sqft,98125,1037300
sqft,2,1790,3,4080,sqft,98115,900000
sqft,3.5,3700,5,5520,sqft,98119,2050000
sqft,3.5,3340,4,6300,sqft,98144,2100000
sqft,2.5,2250,4,7650,sqft,98106,924900
sqft,2,1799,3,1471,sqft,98103,940000
sqft,1,584,1,,,98199,411000
sqft,2.5,4639,5,8036,sqft,98112,3350000
sqft,1,1810,3,0.24,acre,98178,512000
sqft,1,907,1,,,98119,585000
sqft,2,2120,3,6009,sqft,98117,1345000
sqft,1,616,1,0.35,acre,98101,399900
sqft,6,1780,6,7900,sqft,98168,733500
sqft,2,2630,4,8750,sqft,98115,1350000
sqft,3,3060,5,6250,sqft,98116,950000
sqft,2,2700,3,0.37,acre,98178,734000
sqft,4,2030,5,6000,sqft,98144,670000
sqft,2.5,1620,3,1423,sqft,98122,770000
sqft,4.5,5704,5,7200,sqft,98119,4000000
sqft,1,700,2,4000,sqft,98117,800000
sqft,3,1260,2,3920,sqft,98117,770000
sqft,2,1770,4,3920,sqft,98115,1425000
sqft,2.5,1812,4,1632,sqft,98136,825000
sqft,1,648,1,,,98121,395000
sqft,2,840,2,1177,sqft,98144,725000
sqft,2,2100,3,7800,sqft,98136,845000
sqft,3,2550,5,9192,sqft,98125,1450000
sqft,1,774,1,,,98146,265000
sqft,2.5,1736,2,,,98122,970000
sqft,2.5,2198,3,2621,sqft,98144,1675000
sqft,1,770,2,6501,sqft,98125,620000
sqft,2,1150,2,2462,sqft,98107,725000
sqft,2,2330,3,5280,sqft,98103,1098000
sqft,4.5,4693,5,0.24,acre,98122,2650000
sqft,3,1790,3,7286,sqft,98125,755000
sqft,3.5,2960,4,4500,sqft,98103,1700000
sqft,1,591,1,,,98119,434000
sqft,2,1391,2,0.34,acre,98109,860000
sqft,2,1160,3,7500,sqft,98178,566000
sqft,1,720,1,,,98126,365000
sqft,1,701,1,,,98115,325000
sqft,2,2570,4,4800,sqft,98103,1495000
sqft,2,1611,3,4648,sqft,98107,915000
sqft,2.5,2474,4,2970,sqft,98115,1725000
sqft,2,1300,3,2997,sqft,98144,778000
sqft,2.5,840,2,1224,sqft,98144,620000
sqft,2,1100,2,698,sqft,98107,749000
sqft,2.5,2730,3,3000,sqft,98122,1199000
sqft,2,1004,2,,,98125,325000
sqft,3,1650,3,1622,sqft,98103,950000
sqft,3,1650,3,1376,sqft,98103,974999
sqft,1,1850,4,4500,sqft,98118,600000
sqft,3.5,4050,5,3600,sqft,98119,2895000
sqft,1,865,1,1.26,acre,98112,712500
sqft,2,1252,2,,,98121,1349000
sqft,3,1790,3,7080,sqft,98109,1325000
sqft,3,2020,5,6000,sqft,98119,899000
sqft,1.5,1280,3,4000,sqft,98144,750000
sqft,2,1630,4,4982,sqft,98116,942000
sqft,3.5,1460,3,1200,sqft,98117,740000
sqft,2,1210,3,1374,sqft,98103,875000
sqft,2,2080,4,5250,sqft,98116,1098000
sqft,2,3542,4,5000,sqft,98144,1150000
sqft,1.5,2200,3,4800,sqft,98117,860000
sqft,1,603,1,,,98133,400000
sqft,2,1456,2,,,98199,575000
sqft,2.5,1169,2,1092,sqft,98117,615000
sqft,1,1770,2,4800,sqft,98103,926000
sqft,2,1641,4,6122,sqft,98118,538800
sqft,1,600,1,,,98122,310000
sqft,1.5,860,2,1154,sqft,98122,734950
sqft,3.5,4990,4,0.25,acre,98112,4815000
sqft,2,1749,3,1149,sqft,98125,699950
sqft,4,1580,3,1086,sqft,98144,825000
sqft,2.5,2340,3,8000,sqft,98177,1900000
sqft,3,2440,6,8000,sqft,98144,925000
sqft,1,705,1,,,98103,490000
sqft,2,1227,2,1393,sqft,98115,715000
sqft,4,2734,5,3774,sqft,98115,1300000
sqft,2,839,2,0.53,acre,98125,385000
sqft,1,1120,3,7407,sqft,98178,708000
sqft,2,1482,3,1085,sqft,98117,919000
sqft,3.5,1680,3,1486,sqft,98126,675000
sqft,2,1400,2,0.34,acre,98199,699950
sqft,2,1370,3,0.5,acre,98112,910000
sqft,1,889,1,,,98121,550000
sqft,2,2140,4,6250,sqft,98199,1150000
sqft,2,795,2,,,98103,590000
sqft,2,1710,3,4267,sqft,98133,659000
